Content,is_pos,is_env,is_serv,is_product,is_price
下了一天的雨晚上出来走走经过德克士，到店里吃点东西一进餐厅空气很不错，卫生也干净，到柜台点餐服务员的态度很好，很热情，点了最爱吃的炸鸡和汉堡，炸鸡皮很脆，汉堡个大量足，饮料很好喝，以后要推荐给我的朋友来尝尝很不错。,1,1,1,1,
咖喱饭不太好吃，汉堡还行，希望团购的品种多些,-1,,,-1,
味道还不错，环境也可以，他们有外卖！！可惜离我家超出配送范围！！！,1,1,-1,1,
绝好的商业地段，明亮舒适的环境，可惜出品的食物的品质实在是比竞争对手差了不止一个档次，而且鸡腿堡、脆皮鸡、薯条，乃至饮料都不好吃。实在是不会再去了。,-1,1,,-1,
我们店就在他们隔壁，很喜欢去他们家买零食，饿了就会去，还不错呦，喜欢吃，,1,,,1,
单位离这家店很近，平时上班很经常到他们家用中餐，他们的手枪腿和炸鸡比老麦和老肯强多了！\n最近过来用餐服务员老是跟我推荐他们新上市了咖啡、糕点还有什么健康饮料柠檬饮，正好今天公司有开大型会议，就在德克士定了60几份的下午茶，他们很快就把东西送到了，店家服务真是到位，东西送的一点不含糊，原本是塑料杯子装的，结果为了我们特意订购了一批玻璃瓶子送过来，超级棒！蛋糕也更好吃，一点不输给其他甜品点！下次有会议还会考虑你们的，强力推荐??????,1,,1,1,
环境不错，口味不错，服务态度很好，大厅音乐挺好,1,1,1,1,
每次去梅龙镇伊势丹的环艺影城看电影都会经过德克士，每次某人都会软磨硬泡说是怎样怎样的香…但本人平时极少吃俗称“垃圾食品”的油炸食品，所以从未光顾。今天由于赶时间实在来不及吃饭了，便随了某人的意进去买了两个招牌手枪鸡腿打包带走。店里正在办会员卡，现办现打8折。买的原味，由于太匆忙未注意放在里面的黑胡椒调料包，口感有点淡。鸡腿皮炸的挺脆，有淡淡奶油香，但太大有点腻，只能消灭半个。,-1,,1,1,1
还是第一次吃德克士，手枪腿真的好大一个。。。外皮也很脆，味道还可以。汉堡小小的，味道也比较一般。也算是尝过味道了，还行。,-1,,,-1,
美味不停，超赞咖喱饭是老婆，女儿必的套餐，值得吃货一去,1,,,1,
套餐实惠速度快  米饭套餐不好吃 但是胜在便宜,-1,,,-1,1
每次上班路过德克士看人都蛮多的   今天特地1和朋友一起过来   服务真心挺好  环境挺明亮干净    手枪腿好吃   我点了个手枪腿套餐  吃完手枪腿还有蔬菜沙拉不错的搭配    集享卡还可以积分  朋友他们单点可以打八折   还可以半价积分兑换鸡块和鸡翅棒棒的    18号过来多消费一点可以百倍积分,1,1,1,1,1
德克士的早餐还是第一次尝试，感觉是贵一丢丢的肯德基，有油条加豆浆的套餐，6米一份，有皮蛋瘦肉粥，8米一份，有汉堡加美式的套餐，10米一份。门店不算多，离家最近的在江宁路梅龙镇对面，环境看着干净整洁，必然不像肯德基麦当劳是各种避难所收容处，以前还经常吃吃肯德基麦当劳的早餐，但自从见识到把他们家当作过夜点的状态后，就不怎么吃了。这家德克士有两层，所以内座还是管够的，有自带无线网络，虽然不是很流畅。他家的点餐区很长，左边是常规点餐区，右边是现磨咖啡区，咖啡价格不贵，和全家差不多。出餐速度也够快，一楼有自助饮水区。楼上感觉是可以布置主题活动，比如小朋友的生日会等，服务员收拾餐具很频繁。前阵子刚吃过曹家渡的油条还在回味期，就又点了他家爽脆油条，形状太可爱，是骨头状，边边和两头果然脆脆的，最近有薯香蛋丹麦的新品，下次去尝试。,1,1,1,1,1
太油腻 还有点腥气 不觉得手枪腿好吃,-1,,,-1,
每周四有全家会员卡有活动，满40送20，味道当然是比不上kfc和麦当当啦，不明白为什么他家的价格，还一直这样，继续这样下去，不搞活动，我觉得会慢慢倒闭诶，也没什么新品推出，上菜也很慢，服务员态度一般般，有点半死不活的。,-1,,-1,-1,-1
上星期天在江宁路店用餐时不慎遗忘拿走自己的帽子，经过一星期又路过该店，抱着试试看的心情去询问，结果受到营业员热心接待，拿回了他们保存了一周的帽子，正是意想不到。感谢该店的良好服务态度，良好的环境和好吃的食品！,1,1,1,1,
#No.73 很久以前的德克士lunch#\n\n都快离职的时候 才知道原来还有家德克士\n不过其实也没啥好稀奇的 不过是快餐罢了\n惊喜之处呢 在于那几天这家的装饰很棒耶\n看这种甜甜蜜蜜的feel 心情会明朗许多呀\n店面设置的话 分上下两层 二楼有很多座位\n不过好像上楼的楼梯有一点狭窄 不太好走\n吃的的话 据说鸡肉卷很好吃 薯条不是很脆\n\n#只是一段非常短暂的时光 甚至忽略不计#,-1,1,,-1,
服务态度很好??口味也不错，价廉物美。,1,,1,1,1
自从去年三月的某天下班在宝山路轻轨站的门店吃过后就念念不忘，当然第一次吃大手枪腿，爽歪歪，这次公交路过就小坐了下，每月18日集享卡会员打折对翅buy one get one.天气不佳，最后要了拿铁咖啡?，津津有味的啃了一对带走一对,1,,,1,
好久没吃快餐了，很想念鸡翅的味道，经过时正好买了尝尝。有两层的，一楼店面不是很大，三四张桌子，外卖倒是满多的，一直听到接到外卖单。咖喱饭，上面的鸡块有点辣，鸡腿堡反而是不辣的，用集享卡，可以8折购买，还可以半价兑换鸡翅和鸡块。,-1,,,-1,1
德克士是来自台湾的炸鸡品牌吧，小猪之前做代言的那个广告我到现在还记得哈哈哈。\n论炸鸡，他家的味道真的不逊于肯德基，招牌手枪腿鲜嫩多汁、口感实在，一个下去一本满足。不过个头太大，在意吃相的仙女们可以点脆皮炸鸡，味道和手枪腿差不多的，只是肉的部位不同。\n相比汉堡就很一般了，但是米汉堡还是值得一试，虽然比不上摩斯汉堡的好吃。另外，德克士和全家好像是一个集团的，所以能用全家的集享卡打折和积分，每个月还有卡友日享受各种优惠。\n可惜市区的门店实在太少，大部分都开在比较远的地区和人流不多的地方，江宁路这算市中心的唯一一家了。店面有2层，环境也还不错，下午时段几乎成为外卖小哥和中老年相亲的聚集地了。,1,1,,1,1
2016年12月31日，突然之间想吃炸鸡了，于是就这么走进了这家店找寻晚饭。\n\n有全家的集享卡可以打八折，逢周四还可以打对折，报手机号就可以了。\n\n手枪腿——22元，折后17.6元。\n味道其实并不怎么适应，只是走个想吃就吃的形式。\n\n店堂有个二层，不大，蛮温馨的，客人少，陆续会上下。坐着，背景音乐是一段广告，广告词很短，反复，不断，无限循环……\n\n坐快餐店一直让我很享受，不必如咖啡馆里时时刻刻端着，拿个笔记本或是捧一本书，埋头专注的模样。快餐店可以坦然，可以死盯着那些啃得满嘴油的嘴，可以啥都不带就这么空坐着东张西望或者发呆，肆无忌惮地淹没在人声鼎沸中，不被人内心打分。即便这么无聊以及无所事事，也是最爱的休闲方式。,-1,1,,-1,1
中午和朋友在外面，实在没看什么能吃午饭的地方，就来这里将就一顿快餐。\n\n这家是台湾的炸鸡店，有点类似肯德基麦当劳。全家会员卡可以打8折也能积分，这点蛮划算的。\n\n人均20左右，有饭有汉堡，薯条和炸鸡之类的。魔法鸡块味道不错，菠萝堡感觉没以前好吃了，新春送了优惠券和小吃炸物。,-1,,,-1,1
因故飘过江宁路，事情办完出来，突然心中产生了强烈想吃垃圾食品的欲念，唉，意志力一向不强的我，总是给这些欲念所掌控着，说到底还是修为不到，定力不足缘故。\n\n既然当下不是这欲念的主人，那就跟随着这欲念走吧！\n\n四下张望，发现马路对面的德克士，这个牌子也是蛮有意思的，搞加盟店也搞很久，外地似乎多些，但上海似乎没有开几家，听闻什么“脆皮手枪鸡腿”好吃，一直没有去尝试过，择日不如撞日，今天就去试试看吧！\n\n店内环境符合印象中西式炸鸡店的样子，干净明亮。有加分的一点就是人真的没有几个，除了时不时进来几个外卖小哥，很空。至于服务，iso而已，不要多想。\n\n点了3样东西，个人的感受如下：\n\n脆皮手枪鸡腿：鸡肉口味淡淡的，没有入味，全靠配的黑胡椒粉来提味，鸡肉炸还算嫩，但过于湿滑了，至于脆皮真心不好吃，丢掉脆皮的朋友可以无视这一点。\n\n脆皮鸡腿堡：面包是僵的，鸡腿肉是偏辣的，口感是湿滑的，味道是一般的。\n\n脆皮炸鸡：秉承这家的优良传统，把湿滑进行到底，把难吃的脆皮进行到底。\n\n吃完后觉得彼此还是相忘于江湖吧！,-1,1,-1,-1,
味道很好，价格优惠，以后还会来,1,,,1,1
因为方便 下班会偶尔吃一下 不错手枪鸡腿最爱，,1,,,1,
真是优惠多多\n每个月逢8号\n买一送一\n哈哈,1,,,,1
德克士的手枪鸡腿是特色，其他的无功无过。,1,,,1,
一直没尝试德克士的饭，这次快的外卖，挺实惠的，送货速度也很快\n\n酱烧肥牛饭25元，里面另外还有榨菜，蛋和配菜，不得不说那个配菜真是好吃啊，毛豆玉米胡萝卜放在一起搭配，好好吃～但是肥牛就一般了，闻着味道怪怪的，吃着一般吧\n\n另外点的咖喱脆皮鸡腿饭25元，这个里面没有蛋多了份咖喱，这个一份咖喱味道挺不错的，有一点点土豆什么的～鸡腿也很香，就是油炸的不能多吃，偶尔吃吃还是挺推荐的,-1,,1,-1,1
每次吃德克士最不能错过的是啥！\n\n没错～当当当当！！\n\n脆皮手枪腿是也！\n\n一个真心够大但还不过瘾哈哈～皮真的很脆很脆很入味，还有可以自己洒的胡椒调味，哪怕是肉肉也是嫩嫩的一丝丝分明的，不是那种很老的让人觉得不想吃的～说实话，德克士能存活到现在其实感觉招牌脆皮手枪腿占了一半的功劳！！！\n\n今天下午茶又买了德克士来中信泰富滴麦当劳次哈哈～麦当当的服务员不要打我………好歹也买了个麦旋风啦～\n\n德克士的薯条是粗薯条～其实照道理来说粗薯条应该是更好次，但是德克士的粗薯总有种软趴趴不够脆的感觉，帮汉堡王的粗薯不一样……薯条不灵～还是大爱脆皮手枪腿的说嘻嘻～～(*/ω＼*)～\n\n江宁路这家店生意一般，午市会比较忙，毕竟周边都是白领。不过跟麦麦KFC比人气真心还是差了一大截…………,-1,,,-1,
香香服务很好啊！鸡翅很好吃????,1,,1,1,
一直很喜欢德克士的手枪鸡腿，炸的冒油~都是现炸的，而且黑胡椒配起来很赞~,1,,,1,
在大众点评上团了二次，很划算，还特意办了张会员卡，方便消费，这家的现磨咖啡很好喝！,1,,,1,1
粥的味道不错而且很实惠，服务态度也不错，还可以在桌子上充电了????,1,1,1,1,1
照烧饭味道不错！汉堡和鸡翅也很好！,1,,,1,
专门办了会员卡…手枪腿棒棒的！！但是别的就比较泛善可陈，毕竟种类不多,-1,,,-1,
离单位很近很方便。环境一般但服务态度特别好给予加分点赞。,-1,-1,1,,
一直挺喜欢德克士，虽然价格上没什么优势，2号服务好评,-1,,1,,-1
2#????服务很好，热情有耐心,1,,1,,
三号袁利娟特别热心！服务很好！每次办签证都会来这里！,1,,1,,
3号服务员好评！炸鸡腿很好吃！！,1,,1,1,
今天有会员优惠哦，鸡翅买一送一,1,,,,1
下雨，领导请吃德克士，部门集体点外卖。我点了一份双鸡堡和一份鸡块，双鸡堡挺好吃，鸡块有点咸。,-1,,,-1,
其实那以前还是挺喜欢吃德克士，麦当劳的                                       \n不过现在对于这些所谓的垃圾食品也是不喜欢了                            \n偶尔吃一次还行，不过吃几口就有点腻了那                                  \n还是更喜欢那些家常便饭的,-1,,,-1,
东西很好吃 就是今天十八号 活动会员加一圆送积分或同样食物 我说了要食物 她说手枪腿准备不充足 我说那赠我一个就行了 另一个加积分 结果没送我给我加了积分 我在想这个店员怎么回事啊。是我没说明白 还是她没听清楚呢。 至于是谁我就不点名了。,-1,,-1,1,
我在网上抢的卷很划算   很满意  下次还会去,1,,,,1
晚上看演出，到得早了点，不尴不尬多出半小时，周围看了看，潮湿昏暗的夜色中就他家显得格外明亮洁净，就决定去他家坐一会儿。懒得上二楼，看见楼梯下有三人的小沙发座空着，正合心意。小沙发的舒适惬意让短平快的节奏慢了下来。点了炸鸡块11元/6块，服务生问有集享卡吗，有但是全家的，让报了手机号，然后就把1元推了回来，说可以八八折，所以就收10元还要找零。鸡块比较热，面糊薄脆，油沥得干净，鸡肉松软，就吃原味也觉得不错。吃完后就办了他家会员卡，又得了一支香草冰淇淋。啃完这根火炬，通体舒坦，那边戏院也开始检票了。,1,1,,-1,1
每到缝8的半价日总是德克士日，加一元双份活动不能再划算，每次中午都人满为患。手枪腿对一个女孩子来说足已，大到吃不完！最爱还是魔法鸡块！个人觉得德克士的鸡块比麦记k记的都要好吃，调味粉也是他们家的一绝，不能再多说了，肚子又开始饿了。,1,,,1,1
赶时间办事，只能吃吃快餐，团购了35元的#双人餐#，2主食1小吃2饮料还算划算，怕吃不饱，又自己加了点。\n?\n#照烧饭# 加热不太均匀，冰火两重天，口味还不错。\n#双鸡堡# 不是很大，鸡肉有点干，不过自己挤了番茄酱上去变得蛮好吃的。\n\n#辣翅# 并不辣，但是炸得刚好，肉质也嫩\n#孜然鸡柳# 一份7根，孜然很多，但是孜然粉的颗粒有点大。孜然的口味有点重。\n#咔滋薯霸# 就是稍微粗一点点的薯条，土豆很酥，蛮喜欢的\n?\n整体口味还行，服务也不错，饭稍微等了会儿由服务员亲自送，只是一楼座位太少，一半都给外卖小哥坐了，上了二楼么又碰到个师傅在施工，用餐环境不是很愉快。\n?\n随便吃吃吧，希望像其他快餐店一样出一点单品的优惠券呀，光团购搞2个套餐力度不够多、品种也比较局限。,-1,-1,1,-1,1
第一次吃手枪腿！皮哈脆呀！个人觉得还是沾番茄酱好吃,1,,,1,
手枪腿的***粉。。。上海德克士太少了，每次想吃都要找半天。这家貌似是新开的，装潢什么的都很新，经常路过这里，看到开了德克士好激动！哎，手枪腿比KFC 麦当劳好吃无数倍啊。记得多问服务员要点蘸的粉。别的都一般，过去就吃手枪腿哈哈哈哈哈,1,,,1,
手枪鸡腿量大，口感好，送货快，经常会光顾,1,,1,1,
很满意  不错哦  好吃。。。。。。。,1,,,1,
第一次认真的吃德克士\n手枪大鸡腿名不虚传\n好吃咧\n宝宝激动的快要吃哭咯\n\n点了个点评上推广的双人套餐\n去掉优惠只要30块\n划算呢\n\n汉堡不满意\n其他都一般\n老公点的饭说也是口味一般性\n\n环境很好\n干净档次清爽\n楼上位置多的\n\n服务生要提高一下\n差点少给了我们一样东西,-1,1,-1,-1,1
感觉这家店的服务好，很热情，环境也挺好，最主要的是东西好吃，备餐速度快。,1,1,1,1,
餐厅炸鸡很好吃，集享卡还有部分产品兑换活动，卡友日百倍积分，吃不完的可以下次再来领，餐厅的卫生 服务都不错。,1,1,1,1,1
在卡尔沙龙弄头发 结果看到广告中的德克士 隔壁正好有 就想试试 没想到头发弄到晚上00点不到 而德克士也关门了 只能期待下次啦 德克士店面也不多～,1,,,,
看话剧时买的套餐，真是便宜又好吃,1,,,1,1
德克士味道一如既往的好，感觉比肯德基好吃,1,,,1,
不开心，今天手枪鸡腿没有买一送一。他们炸了好多！！！！一点不好吃。你们心是不是太黑了点啊！,-1,,,-1,-1
挺好吃的，但是优点慢，感觉不错,-1,,-1,1,
一直听说手枪腿第一次来！皮脆肉嫩好吃,1,,,1,
手枪腿不错啊 作为一个快餐店超出了我的预期,1,,,1,
手枪鸡腿真得超好吃！皮脆肉嫩~赞！！！,1,,,1,
难吃 叫的外卖 汉堡还不如路边小店 鸡腿的外皮 这色素面。。,-1,,,-1,
环境好，人少。照烧饭味道尚可。鸡翅灵。,1,1,,1,
德克士到处都是，感觉牛肉有点硬其他还好吧,-1,,,-1,
团购的一人餐，店里的客人不多，但貌似外卖挺多。\n从确认团购号，到取餐不到五分钟，因为赶着看电影，就直奔电影院了。\n先吃了下炸鸡，表皮挺脆，中间可能肉太厚，吃起来比较干，也没什么味道。\n脆鸡腿汉堡还是很好吃的，鸡腿肉厚度正好，汉堡个头也没有肯德基那么袖珍。薯条实在吃不下了，他家的可乐虽然放了冰块，还是味道比较甜的，可见货真价实，性价比杠杠的,-1,,,-1,1
脆皮手枪腿，超经典，超美味的。一个下去爽歪歪。\n不过外卖送来的时候有点点影响口感，下次还是店里当场点比较给力。,1,,,1,
双人套餐实惠超值，环境也很好。店员大声促销喊口号吃不消。,-1,1,-1,,1
服务有点乱，普遍业务不熟，食物一般般。,-1,,-1,-1,
去买早餐，在柜台站了好一会儿也没有人，后面的人等不及了叫了一声才有人出来。九点去的，点了个粥加油条的套餐，油条没有了，给换了薯饼。拿回公司打开一看，薯饼没有给番茄酱，什么山珍鸡肉粥，除了指甲盖大小的一块鸡肉，零星几粒玉米几根木耳，看上去就是一碗白粥，寡淡无味！,-1,,-1,-1,
去NIKE员工店，然后就冇准了这家店，因为德克士的招牌——脆皮手枪腿\n其实德克士的产品真的是不错的，只可惜可能是费用的问题，反正每次我见到的店位置都不怎么好。这家店位于曾经名声大噪的江宁路避风塘，从初中到大学不知道来这里打过多少次升级。只可惜经过岁月的洗礼，这家避风塘已不复存在。德克士这个选址还算不错，起码周边商务楼里的午饭生意应该还不错的。\n整体环境干净，德克士的用色还是不错的，感觉很清爽。特别要提一下洗手间很干净，这点值得赞扬一下，起码现在KFC和麦麦的卫生间简直不想进去。不过一楼开着空调，二楼却有点闷热，其实冷气是往下的，按理说应该开二楼的空调比较好啊。\n产品的话，除了冲着手枪腿，我吃了鱼排和鸡翅，感觉用的油还是比较干净的，并不会有那种传言的一锅油用几天的感觉，起码炸物的色泽都是呈现的金黄。\n最后说说服务，服务员不错直接给我办理了会员卡，有折扣哦。而且每月8、18 28号买一送一，哇塞！28号要再去吃一次，哈哈哈！\n他们的会员卡和全家的一样，服务员说和全家是一家的，哇塞顶新集团你那么有钱，应该好好选址开店好不好，手枪腿一定会大卖的说！,1,1,1,1,1
薯条和脆皮鸡腿是亮点 其他还行，不过不失,1,,,1,
团购点评\n量很足，味道也很好，价格也不贵，很满意,1,,,1,1
团购点评\n经常吃MK，突然想换换口味，感觉??炸的???点老,-1,,,-1,
团购点评\n虽然说是双人餐，量少，改成儿童双人餐才名副其实,-1,,,-1,
团购点评\n照烧饭挺好吃的，去的时候人家快下班了，服务态度也非常好,1,,1,1,
团购点评\n团购老是失败，团了3次才成功，好在有会员卡可以打折，少许安慰。,1,,,,1
团购点评\n还不错，大名鼎鼎的手枪鸡腿留到下次来吃。,1,,,1,
第一次吃德克士，原本满心期待，但最后感觉比较失望……\n也许和叫外卖也有关系！虽然外卖优惠力度不小，满60减20，外送费也就5元，点的餐品基本也在预订时间送达。\n但是点的双人套餐里，明明是冰红茶，结果还是给了可乐；汉堡都比较小，爸爸完全吃不饱的；南阳鸡肉卷感觉太干，里面的酱太少了，总体感觉比汉堡王逊色不少！不太会再尝试了！,-1,,-1,-1,1
手枪腿必点呀！外脆里面多汁鲜嫩，有点独特之处！,1,,,1,
团购点评\n咖喱饭妈妈很喜欢！鸡排大块， 调味好次量也大。\n双鸡堡就一般般了，没什么味道。。。\n鸡翅还可以，小小的~,-1,,,-1,
之前单位在恒隆广场，所以去过这家。最喜欢脆皮手枪腿，是招牌产品，汁水足，香嫩。比肯德基、麦当劳好多了。咖啡也很好，现磨的。香醇，于齿间流露。南洋鸡肉卷一般性，脆皮炸鸡当中相对喜欢吃鸡腿。唯一缺点，店面数量比不上肯德基和麦当劳。其他都很好的。,1,,,1,
团购点评\n路过小吃一番，价钱是很实惠的。,1,,,,1
吃德克士么当然就是吃她家的招牌产品，脆皮手枪鸡腿，非常非常大的一个鸡腿，一个吃下去，非常饱了，外皮脆脆的，鸡肉非常鲜嫩，炸的外脆里嫩，还有汁水，再撒上她家的特质胡椒粒，好吃极了。有会员卡可以打8折，会员每月的18号更是对折。\n她家的土豆泥，也是非常的好吃，上面应该是类似于金枪鱼，拌一拌，很鲜美，个人觉得比某某基的好吃，性价比也高多了。\n鸡翅也非常好吃，就是面粉裹的多了点，价格实惠，经常有特价活动。\n她家也开始卖盒饭了，下次试试，洋快餐盒饭的最大问题就是没有素菜。,-1,,,-1,1
汉堡包口味很好，美味十足，香喷喷好吃，尤其是肚子咕咕叫时，炸鸡外脆内嫩，性价比挺高的。,1,,,1,1
团购点评\n炸鸡和可乐的组合，不错。口味和肯德基，麦当劳差不多啦,1,,,1,
用会员卡还是挺划算的！江宁路这家服务也很好,1,,1,,1
团购点评\n位置很方便，在美琪大戏院对面。旁边也有汤包馆。\n\n只能打这么多星星了。餐厅网络太差了，为了团个单人歺费了老大劲了，连用自己网络都不行……差点昏倒。团上了，业务员又对套餐内内客不熟悉，网络又不好，当时真的很抓狂的。,-1,-1,-1,,
团购点评\n还可以比较划算的。有空还会去吃的,1,,,,1
在上海这个城市中，德克士的炸鸡店面数远远没有KFC这么多，但他们家的手枪脆皮鸡腿是能俘获食客味觉的招牌菜。\n推荐手枪脆皮鸡腿，从鸡下肋以下所有的鸡腿部分作原料，调制原味面粉，炸至金黄，并以自己喜爱的口味加上黑胡椒粉，脆鸡皮，香脆可口，第二层开始的鸡肉香嫩多汁。虽然知道这种炸鸡都是标准化流水线上下来的，但是要精确到分秒还是需要花一些功夫的。\n店面里人并不算很多，就餐环境舒适，但是二楼网络信号不好，无Wi-Fi，总的来说是解馋鸡腿的选择。,-1,-1,,1,
团购点评\n在闹区性价比不错，又干净又美味,1,1,,1,1
前两个月从dper手中买了3张手枪腿免费兑换券（总计：20元），简直不敢相信自己的眼睛，本来一个鸡腿都买不到的价格，居然让我买到3套招牌鸡腿套餐（3个腿+3杯大可），镇店之菜果然名不虚传，首先“手枪腿”顾名思义形似手枪（废话......），个大，皮脆，肉鲜嫩，一口咬下夹杂着滚烫的肉汁，妈呀，人间美味，不仅裹腹更加解馋，什么汉堡包都抵不上来个腿，哈哈哈哈哈哈~店铺分上下两层，环境干净，服务态度也正常，没有因为兑换券而拉脸，赞个，极具性价比的一餐美食体验，美好极了。,1,1,1,1,1
团购点评\n路过没有吃晚饭，看到炸鸡突然就想吃了，德克士现在连锁店也多起来了，黄绿色调装修很舒服，位子都是一个个圆圆的小沙发\n团购了单人餐，主食选了鸡腿堡，小食脆皮鸡和薯条原来以为也是二选一，拿到手才知道都有，饮料就是百事可乐啦\n东西都是刚做好的，鸡腿堡是不辣的，外皮虽然有点硬但是里面的鸡肉又嫩又多汁，薯条是喜欢的粗薯，不硬不软口感正好\n一个汉堡一份薯条加半杯可乐就把胃撑住了，剩下脆皮鸡只能打包带走,1,,,1,
套餐品种搭配好像没有kfc那样多，感觉本土的东西即使起个洋名，从骨子里还是被人一看就是土包子。,-1,,,-1,
团购点评\n环境不错，很干净，看服务员一直不停的在那擦啊擦。做个调查，可以送份中杯可乐或布丁。团购分量足。服务态度也很好，很热情,1,1,1,1,
这家早餐很便宜啊，买个豆浆+松饼只要10多元，鸡肉卷之类的和KFC有得一拼，但比KFC便宜\n薯条是美式那种粗粗的，沾番茄酱很Q很好次，而且现在有团购活动，中薯只要4.9元超划算；手枪大鸡腿真得很大哦，汉堡就很一般般；饮料都很便宜，10多元一杯，但是可乐感觉渗了太多水，味道很淡，木有罐装可乐浓；会员日+1元多一件小食哦！,-1,,,-1,1
江宁路的东西都还不错，但是吉普路的那家东西就不好吃,-1,,,-1,
位置：就在梅龙镇不知道什么门斜对面中信富泰后面 江宁路上 \n环境：还可以的 门口还会站个服务员有办什么的集享卡  里面客人不多 有两层 上面没上去 看起来还蛮干净的 \n小吃：不如从前了 炸鸡不脆 汉堡里面就可以一颗菜和一块鸡肉 没酱了？鸡肉卷为啥也这么简单 鸡肉真的不知道是什么鬼 跟面粉还分离了 不好吃 饮料就是普通饮料 没特色\n 下次还是吃麦叔叔吧,-1,1,,-1,
员工都什么态度啊！赶紧培训吧 我们是去消费的 不是看着你们给我们脸色的。,-1,,-1,,
团购点评\n说实话，也就炸鸡好吃点，下次吃手枪腿,-1,,,-1,
早餐口味不错，但服务员老拿错东西，今天又把咖啡拿成豆浆，建议多培训,-1,,-1,1,
团购点评\n大众点评团购的，咖喱饭味道还行，鸡翅很赞，价钱实惠。,1,,,1,1
团购点评\n一个人吃好撑的，他家奶茶不错。,1,,,1,
团购很实惠，一个大鸡腿吃完就饱了。,1,,,1,1
早餐套餐蛮实惠的：离上班又近：环境很干净：常到他家买份早餐吃完去上班,1,1,,,1
团购点评\n团购的薯条??好便宜，只是有点咸。,-1,,,-1,1
团购点评\n看到团购就在附近，顺便吃吃，打包带走,1,,,,
团购点评\n他们家薯条特别特别好吃！连吃三包的节奏！,1,,,1,
一直叫外卖，有活动，很划算。。,1,,,,1
炸鸡哈哈哈 连锁炸鸡店 味道就这样,-1,,,-1,
价格便宜，品种丰富，态度不错，味道很好,1,,1,1,1
环境不错，灯光明亮，小朋友吃完炸鸡后还可以做功课。,1,1,,,
肚子实在好饿 这里居然还有家这个 德克士 真心已经不知道多少年没有吃过了 想不到现在居然还在 不过没有炸鸡排了 现在是手枪鸡腿 没有吃 吃的是照烧鸡腿饭 喜欢的是蔬菜汤 居然觉得这种速溶汤非常的好喝 一个套餐正好吃饱 套餐还是内容丰富的,1,,,1,
团购点评\n今天正好路过，就团了一个薯条外带。很不错的，薯条团购很实惠。口感比Kfc和mc的薯条略有不同。总体还不错的。店内可选择的食品也很多。手枪鸡腿，鸡排饭，汉堡，色拉等都不错。以后有机会也会经常去吃。不过上海门店略少（相比较Kfc等）,1,,,1,
去过几次的连锁炸鸡店，炸鸡和汉堡的味道，个人感觉比不上肯德基，麦当劳，炸鸡的味道有点淡，不过又年度的会员卡和会员卡日，优惠活动还是蛮多的,-1,,,-1,1
专门去买的，女儿要吃鸡腿，点单的时候和服务员说了不辣的，拎回来一看，辣的，这么点小事都做不好，差评，太粗心了,-1,,-1,,
每次去艺海都会路过的德克士，他家的手枪腿是拳头产品，所以有时候也会买。但我发现是不是所有的德克士服务都那么散漫？工作日下午去点餐，点单的小姐不知道是不是新来的，问产品信息，套餐信息，一问三不知，然后薯条都被撒到盘子外面了，注意哦，不是盘子里，是都到账台上了，叫我端，因为这跟薯条有粘着另一根，我就跟她说薯条掉在外面了，她拿夹子夹起来，还笑嘻嘻问我，你还要伐？你说我要伐？好笑吗？有病吧。。。记得以前读书的时候，朋友在KFC兼职，还说KFC很注重这方面的培训的，千万关照一定要把薯条铺在纸巾上，保持卫生。德克士你薯条本身在餐盘里的都不在纸巾上我也不去说了，掉在盘子外面，还问客人要不要？你当客人什么啊？一点意识也没有的！果断差评！倒是店里同步在收银的另一个眼镜男士，很领的清的，做事也活络。发现去过的两家德克士都能碰到服务混乱且散漫的情况，算通病么，我相信服务这一点，也是德克士生意做不过其他几家快餐店的原因之一。不过这家有好多位子边上有插座，可以手机充电，这点还不错。另外就是，他家薯条好像一直都是糯糯绵绵的，跟其他快餐店也不太一样。,-1,1,-1,-1,
外卖在线支付满50减20，优惠力度大到让人怀疑还有客人去店里消费伐。52块的双人套餐: 一个手枪大鸡腿，一块脆皮鸡，一个汉堡，一对鸡翅加两杯饮料，实际支付32大米。\n手枪大鸡腿真心很大只，不过咬到里面肉就有点淡，吃完才发现配了黑胡椒粉。。。其他都一般般，汉堡很粗糙的说。,-1,,,-1,1
虽然说德克士与肯德基，麦当劳，无论是店铺数和知名度差很多，但口味我个人认为差不多。某种意义上说，就是更实惠一点。我们去了江宁路上的店铺，店铺整洁度，店内的洗手间清洁度都可以说不比肯德基，麦当劳差。希望能加入他们之间的竞争！,1,1,,1,
中午叫的饿了么外卖，孜然鸡柳孜然有点多了…手枪腿还是这么好吃！棒,-1,,,-1,
这次的沙拉都冻熟了，还怎么吃，上次买了带菠萝的那款，最后给我的是鸡腿堡，早知道我总共就吃了不到十次，真心差啊～,-1,,,-1,
团购点评\n儿子爱吃，超级划算????????????????????,1,,,,1
非常好的一家店，东西又好吃，??????,1,,,1,
团购点评\n五下班后来到火车站，买好车票已没时间吃晚餐。就想买点吃的带到火车上，寻找中正好看到“德克士”在搞促销活动。走进去一看：店铺蛮干净而且面积也不小。汉堡正在“买一送一”非常划算，果断下手，再添加了一份“中薯”，只要4.9元。鸡腿??里的鸡腿真的大，好吃；不过中薯的量貌似不多。,-1,1,,-1,1
江宁路上的一家快餐店。连锁品牌，食物口味不会有太大偏差，服务也还好，店面环境比较干净敞亮，用餐感觉还不错。工作日的便餐，偶尔一顿还不错。,1,1,,1,
团购点评\n手枪腿配黑椒粉，我一次能吃三我会告诉你？,1,,,1,
团购点评\n鸡肉卷和汉堡比不上肯德基和麦当劳。手枪腿和鸡翅味道不错。,-1,,,-1,
就是普通的炸鸡腿还办了张会员卡5元,-1,,,-1,-1
团购点评\n东西还是不错的 就是有点慢 希望下次能改进,-1,,-1,1,
团购点评\n一直就覺得德克士的雞腿雞翅比起m家和k家好吃，只是店實在開的有點少，加上團購，實在是各種優惠，雙人餐兩份主食加上飲品才其他同類一人份的價格。最重要的是，不用排隊，完全不用排隊，店裡也是超級空，完全可以慢慢吃慢慢喝消磨時間,1,,,1,1
团购点评\n第一次吃德克士，感觉还是蛮爽口，比较有特色的炸鸡，喜欢,1,,,1,
团购点评\n还可以，除了手枪鸡腿外，还是麦当劳肯德基好吃。,1,,,1,
为了节约时间去买的外卖套餐，还不错，鸡腿很大，味道也很好，给的黑胡椒有点多余，相比汉堡王肯德基吃的更加过瘾一些，逼近鸡腿足够大，胃口小的人差不多一个鸡腿就能吃饱了，可乐的气不是很足，配餐很迅速，值得选择的一家店,1,,1,1,
团购点评\n很满意的消费体验。下次还会团购。,1,,,,
江宁路梅龙镇广场附近，团购的套餐\n：一个超大鸡腿手枪腿，一杯大可乐和一份布丁。\n  手枪腿外面包锅着粉浆，油炸的，色泽金黄，外脆里嫩\n   布丁比想象中的好吃，奶香浓郁，口感绵密，滑爽\n  进店只要微信扫一扫就能免费领取一个布丁，服务员的态度超级棒，听说我们布丁打包特地给我们在塑料袋里加了冰块打包。,1,,1,1,
团购点评\n价格实惠，东西非常好吃，还会再来,1,,,1,1
难得吃德克士，经过江宁路店，顺便外带\n一会要等说拿东西验证，等了嘛收银拿了张纸记录券号。还问套餐里面是哪些东西…你是店员还是偶是店员，自家东西那么不熟悉！才三个团购套餐就搞不清楚。\n超级鸡腿堡鸡肉那个叫干，鸡肉卷又是淡而无味，真心难吃,-1,,-1,-1,
团购点评\n性价比高，炸鸡要比KFC好吃，下次还来,1,,,1,1
鸡腿很大，也非常嫩！味道很好！,1,,,1,
团购点评\n一直以为德克士是开在郊区的，没想到竟然在高大上的南京西路旁也有德克士，而且还有团购，超级划算\n店面不算很大，但是宽敞亮堂，直接被告知不让拍照，这是免费宣传好不好\n麦辣鸡堡里的鸡块真的超级大，就是我是冷掉才吃的，估计热的应该还是不错\n鸡腿也蛮大的，性价比蛮高\n以后看话剧就这里可以解决晚饭,1,1,,1,1
之前好像是2月18日的一个活动 原价产品加一元买一送一 不过送的是兑换券 第二天开始才能用 记得当天人头攒动 今天去的时候就没什么人了 空空荡荡的 兑换了抢腿 一如既往的好吃 一个腿就基本很饱了 配上黑胡椒粉 味道一级棒啊,1,,,1,1
团购点评\n味道还行 和肯德基差不多 分量绝对足,1,,,1,
本来要去隔壁吃热狗但是没想到那么不巧就停电了- -。于是转战来到这里，吃了最朴素的汉堡套餐，可乐换了牛奶，不用补差价，但是牛奶好像是奶粉冲的。这里薯条特别粗，终于能吃到土豆的感觉。。。收银的小哥感觉傻不拉几的- - 这绝对不是我的人身攻击。。。因为明明顾客从收银机的左边站到了右边，东西好了以后也不知道帮忙端过来，我的还是其他客人帮忙拿的，这个服务要加强好吗？,-1,,-1,-1,
心心念念的炸雞……不是想吃就能吃的啊……因為太肥了～??\n\n趁著下班要去看電影，來不及吃晚飯，趁機強烈要求要吃炸雞…沒想到有人吃的比我更開心……只是為什麼你都不長肉……??so浪費的欸……\n\n18號那天有活動，加一元多一件～給32個贊????????,1,,,1,1
这家德克士在这来了很久了，昨天艺海看完话剧觉得肚子饿了，就进去点了份脆皮炸鸡，很好吃，外脆里嫩，还有汁水,1,,,1,
从来没有遇到过这么差的店！重要的事情说三遍，从来没有，从来没有、从来没有！叫了一个外卖，预计等半小时，结果等了快两个小时，最最要人命的是，送外卖的告诉我说餐送错了！CNM！商家不靠谱，什么人都敢用，饿了么也不靠谱，什么商家都敢合作，真的以为自己做到领头羊了？送你两个字，呵呵！,-1,,-1,,
很好啊，服务也很好，环境也很干净和安静,1,1,1,,
在上下班的路上有一家德克士，下班以后有点馋，遂不顾发福的身材和膨胀的肚腩，决定一吃。\n听闻有产妇生产完精疲力尽饥肠辘辘，第一反应就想吃手枪鸡腿。并没有那么好吃，我觉得还不够非常入味，里面鸡肉味道没腌够。但是总体还是不错的。,-1,,,-1,
服务还是不错的  味道也是可以的    会常去,1,,1,1,
德克士，在上海门店还是挺少的，之前在糯米网上团购了双人餐，昨天特地过去拿，味道还是不错的,1,,,1,
我只爱他家脆皮手枪腿，吃的倍儿爽,1,,,1,
德克士的手枪腿我最爱了，这家店离公司很近，就在绿杨村过去点，今天18号卡友日，买一送一太划算了，记得以前价格17也不是18，现在都涨价了，但感觉没以前那么大，不过还是蛮大哈哈，一个下去好饱，今天卡友日加一块买一送一，好多人，店里都坐满了，不愧是优惠的魅力啊，手枪腿真心好吃，外皮炸的酥脆，里面的鸡肉好嫩，撒上孜然粉很香，我不喜欢撒很多，太多我觉得太咸了，稍微加一点提升口感度正好；他们家的薯条也不错。就觉得量不大，同事买了中薯买一送一，尝了几根蛮好吃的，是继汉堡王后觉得第二好吃的，比肯德基麦麦好吃太多，主要是炸的脆，薯条也比肯德基麦当来的粗，好吃,1,,,1,1
会员日购买 加1块多1份 真心合算,1,,,,1
情人节拍合影上传至朋友圈可以享受加一元多一份的活动，海报上活动日期为2.13-2.14问了服务员却说不能参加，再多次和其它服务员确认后，才告诉我们能参加，说明店内员工对于活动还没有很清楚,-1,,-1,,1
快捷，手枪腿份量给力。。。。。,1,,,1,
前台服务真差，接电话不认真听，一直问问问，送餐员速度可以，就是到了，问我有没有付钱，我在想，有没有付钱你们不知道吗？最可笑的是，就几样东西，还给我少送三样，吃的也太不开心了，打电话过去，后来给我补上了，送货员还问我要钱，真是气饱了，以后再也不去吃了，三心二意的店,-1,,-1,,
团购点评\n周末中午去，二楼几乎包场，人气这么低 真担心会不会关门啊？手枪腿趁热还是一如既往的好吃，但是必须加很多黑胡椒调料，不然就觉得很油。那个凤梨的汉堡也很好吃，鸡块什么的和其他快餐店差不多。收银员的态度不是很好，但服务员很主动，店面也算是干净，就是号称免费的wifi稳定性有待提高。不管怎样，市区有这么样一家店还是不错的。,-1,1,-1,-1,
一直来吃德克士\n\n以前在嘉定\n\n乐购超市一楼的一家店\n\n那里生意还不错\n\n每到卡友日都会来\n\n手枪腿\n\n必点\n\n还吃\n\n百吃不厌\n\n超大个\n\n很知足了\n\n满满的都是爱\n\n现在来到这边看到也有德克士\n\n立马就来\n\n薯条最爱\n\n一份薯条吃了三个番茄酱呢\n\n好吧\n\n我不是专门吃番茄酱的\n\n便宜比较饿\n\n他吃鸡腿堡\n\n吃完又来个脆皮炸鸡\n\n还要吃…\n\n……\n\n我也是醉l\n\n炸鸡再来一个把\n\n赶上现在有活动\n\n微信支付还能立减\n\n微信走起,1,,,1,1
服务差，速度慢，没什么好说了。,-1,,-1,,
吃汉堡的，可是感觉口味和街边小店差不错啊，反正我是不会再去咯～,-1,,,-1,
团购点评\n还不错的，正好带小朋友来吃，认不多,1,,,,
团购点评\n离上班地方很近，休息时间经常去坐坐，二楼比较安静，味道也不错啊，好评,1,1,,1,
离公司不远，它家的味道好，手枪腿超级大，薯条味道赞。买个套餐吃的饱饱的，实在。,1,,,1,
很久没有来吃手枪鸡腿了，竟然涨价了两块钱，味道还是蛮好的，圣代也不错。,-1,,,1,-1
最爱手枪鸡腿！每次必点的东西！大爱啊,1,,,1,
服务食物都不错～在公司楼下～方便～,1,,1,1,
团购点评\n环境不错，经常路过小食，以前团购双人套餐简直撑爆的节奏啊，哈哈实惠好吃,1,1,,1,1
团购点评\n小猪一生推，小猪代言的店怎么能不捧场呢。不过味道真的不错，感觉好像要比肯德基，麦当劳好吃，而且稍微便宜一点。,1,,,1,1
团购点评\n逢8买一送一很合算。想吃的时候等到有8的日子去解馋。,1,,,,1
老公突然想吃肯德基，我说那我们去吃德克士吧，小时候记得吃过那么几次，后来就没了！现在他家的手枪鸡腿最出名，尝尝去，餐厅有点小，就算二楼位置也不多！价格对于麦当劳和肯德基还是算便宜的！手枪鸡腿很大支，女孩子估计吃下去就饱了！其余小食也就这样，快餐随便吃吃啦,-1,,,-1,1
团购点评\n以前南京西路上班的时候去吃的，炸鸡好吃，中午人很多。,1,,,1,
炸鸡的味道真心不错，很喜欢，光顾光顾再光顾,1,,,1,
手枪鸡腿 厉害 速度快 可惜没折扣 鸡翅不辣,1,,1,1,-1
以前以为只是做外卖的生意，原来不知道德克士还有门店，还可以用全家的卡积分，买东西打八折。,1,,,,1
离公司很近， 经常会过去买早餐， 速度挺快的， 感觉比较卫生。 有时候他们卡友日时候过来吃 加一块钱就多一件 ，很划算的说,1,,1,,1
好久没吃了，感觉炸鸡一点不熟麦肯，赞一个！,-1,,,-1,
手枪腿好吃，会员日很具有性价比！,1,,,1,1
团购点评\n手枪鸡腿超级大个，个人觉得光吃鸡腿和饮料比较无聊，下次看看汉堡套餐，,1,,,1,
团购点评\n常买的，德克士不比肯德基难吃啊,1,,,1,
去那里附近办事，特别想吃炸鸡，所以看到这家后，就进去了，点了香脆鸡，外面的一层皮真的很脆，不过里面的肉就真的不怎么样，还好有一包调味粉，撒上去后，就能吃了，否则太淡了，不入味啊！,-1,,,-1,
团购点评\n我觉得这里的味道很不错，价格也挺实惠的，主要是量也还挺多的，性价比蛮高，下次还会来,1,,,1,1
外带了一个手枪腿 没有传说中的好吃 偏甜 里面肉没味道 要靠黑胡椒粉 吃起来太累了 吃一口撒一次。。个人更喜欢麦记的辣鸡腿,-1,,,-1,
在艺海剧院看完演出已经接近晚上十点，想吃点东西，正好路过这家店，人不是很多，便走进来。\n\n点了鸡腿堡套餐，好处是套餐里的薯条可以免费换成鸡翅等其他小食。所以就换了。\n\n味道貌似没有麦大叔家的好吃，或者不太中意我的口味。不过这种快餐的味道本身就大同小异。 \n\n环境不错，比较干净，明亮。\n\n而且旁边还有饮水机，食客可以自助添加热水，这个很赞。\n\n偶尔吃吃还算不错的地方。,1,1,,-1,
不知道为神马上海的德克士辣么少，说实话，我感觉他们家的炸鸡比肯德基麦当劳的都要好吃，价钱也特别的实惠～而且肉肉里都是有汁水的，特别的棒～汉堡点了香辣的，里面的肉也是汁水十足～而且在某团购网站上团的这个套餐～两个主食?两杯饮料，只有十几块～真心是性价比合算到爆表了啊！！服务员也算都是蛮机灵的，点餐上餐速度很快～～店里面现在好像还有搞活动～有集享卡的（就是全家用的会员卡）可以打八折～真心是蛮划算的～,1,,1,1,1
看电影之前随便买个快餐吃，就在附近找了家德克士.点了汉堡、鸡肉卷、鸡块和两杯饮料.,1,,,,
18号是卡友日，有买一送一，不过照烧鸡肉饭不能优惠，就买了买了和风香鸡堡买一送一，香辣鸡翅买一送一，北海道雪布蕾买一送一，今天卡友日优惠脆皮手枪腿尽然破例参加了，这就当然要买，不过送的要到下周才能取，少不得到时还需买些别的吃，商家也聪明了。味道就是中规中矩，手枪腿和雪布蕾一如既往的好吃。,1,,,1,1
团购点评\n随便吃吃，挺好的。手枪腿、雪慕斯都很不错，是自己点单率最高的东西。,1,,,1,
团购点评\n一般般 总觉得都没以前好吃了 团购比较划算,-1,,,-1,1
团购点评\n好评，德克士的炸鸡腿很好吃，推荐。,1,,,1,
团购点评\n便宜，快速，味道也就这味道，没啥好多说的,1,,1,,
太差了，买儿童套餐说没有玩具了都要单买，就是说我必须多花5元钱才能买到原来的套餐还没玩具，避免麻烦还私自帮我把薯条换成蔬菜色拉！第一次吃快餐也吃得那么不满意！,-1,,-1,,
团购点评\n东西还可以，环境很好，味道还好,1,1,,1,
两次都是吃得第二件半价的优惠品，一次鸡腿，一次鸡排，入味多汁量足，感觉在快餐里，算我的首选了。,1,,,1,1
这里的环境还可以，口味不错，最喜欢手枪腿,1,1,,1,
工作餐点的美团外卖，45减15，满60送鸡翅，点了手枪腿套餐，一份薯条，一杯可乐，一个手枪腿，手抢腿很大一个，很香，外皮很酥脆，薯条送过来已经软了。,1,,,-1,1
团购点评\n老板人超好的，量足够两人吃了，地方也挺好找,1,,,1,
美团买的双人餐，2杯可乐2个汉堡一块三角鸡，棒棒哒\n又开通了集享卡，送了草莓布丁和一块旁肋，所以三十块吃到了这些东西，性价比杠杠的。\n大学时代就开始吃dicos，始终觉得炸鸡完爆KFC和MC，可惜店铺实在太少，不能经常吃到。如果叫外卖的话口感就完全不一样了。\n炸鸡鲜嫩流汁，比很多韩国炸鸡都要强。\nps，因为我晚上去的，集享卡注册的过程里有点问题，收银员小妹妹很耐心，帮我试了很多次，虽然耽误了点时间，但是服务真的很满意，一点没有是赠送的关系表现出不耐烦，所以是一次很愉快的用餐体验,1,,1,1,1
团购点评\n好久没有吃了，味道没有变化，不错不错,1,,,1,
全家的活动，199积分兑换到的\n\n正好路过，要不店家在上海还不算特别多呢！\n\n一般就是火车站可能更多一些吧。外地倒是更多\n\n进门以后想用他们的wifi，是需要加微信关注再有的，有点小麻烦\n\n然后兑换的话需要带好全家的实体卡哦，还要输入密码才可以\n\n感觉有点麻烦，不过服务员倒是挺有耐心的\n\n给的也是刚出炉的热腾腾的 脆脆的鸡腿,1,,1,1,1
现在在上海德克士感觉已经非常少了 每个月逢8的加一元买一送一是非常划算的 平时用团购的话也是非常经济实惠的 味道也挺不错的 就是调味酱什么的多一点就好了,1,,,1,1
薯条好好吃 火枪腿好满足 套餐很划算 不定期有买一送一,1,,,1,1
团购点评\n汉堡和鸡肉卷都不是我的菜。环境还是不错的，鸡腿和手枪鸡味道真不错，肉嫩汁多，大爱,-1,1,,-1,
团购点评\n不错，和儿子2人一起。地方好找，服务也很好。不像人家说的给脸色看嘛。下次还会去的。,1,,1,,
参加了七月份的买一送一活动，手枪腿不参加，可能是因为下午两三点了，手枪腿拿出来是冷的并不好吃，不过其他却是热的。。上海的德克士真的太少。,-1,,,-1,1
团购点评\n偶爾嚐嚐，量很大，，很好吃??,1,,,1,
想吃德克士的手枪腿很久了，昨天终于路过尝试了一下。。。确实挺大的，薯条没了，换的色拉，色拉的量很大。午饭点很多吃完，服务员没有来得及收的。也就随便吃吃吧,-1,,-1,1,
这家德克士吃过很多次，以前写过点评怎么又消失了\n记得这家比较特色的是薯条可以换成色拉，很健康，饮料也可以换成各种口味的\n其实还挺喜欢这家的\n炸鸡很好吃，手枪腿，炸鸡都很好吃，还有胡椒的调料包\n细节做得不错啊  每次吃完一个手枪腿都觉得很满足,1,,,1,
团购点评\n很划算～品种也蛮多的～价格也实惠,1,,,1,1
团购点评\n团购的套餐还是相当核算的，比单点便宜很多。蛮喜欢吃他们家的脆皮鸡腿，比kfc的好吃。就是好像每家口味不太一样，昨天吃的江宁店鸡腿里有花椒好象，没闵行店的好吃,1,,,1,1
团购点评\n觉得超划算，第一次吃德克士的东西，以后还会再来,1,,,,1
居然没带会员卡！\n\n居然没带会员卡！\n\n居然没带会员卡！\n\n好吧，这次不吃手枪腿了，中午来个鸡腿堡套餐吧。,1,,,,
团购点评\n鸡块不错，鸡肉卷不行，用券划算,-1,,,-1,1
团购点评\n性价比炒鸡高！难办吃一回德克士，还是蛮赞的！,1,,,,1
团购点评\n女儿很喜欢，他家的炸鸡比kfc和mc好吃，团购更优惠，,1,,,1,1
团购点评\n原来上海也有德克士啊！环境很好，原木色的基调，采光很亮，我是团购的双人套餐很合算有一杯冷饮一杯热饮然后一个卷一个汉堡和一个手枪鸡腿，比起原价来差不多便宜一半，味道也不错，现在好像在招募会员，不过要满36块可以免费办所以我就没有办,1,1,,,1
去过他们家几次，因为鸡腿蛮好吃的，但是服务实在太差了！每次去点的价格都不同，如果不详细地问清楚，买同样的东西，结账都会差十多元。促销活动根本没有明确地标志，问服务员也不说清楚。上次还骗我花五元钱办卡，结果今天看集亨卡才知道满多少是免费送的。然后初次开卡送鸡块和布丁，鸡块我是上次领了，可布丁我不知道可以领，他们就没給我领。服务太差了！,-1,,-1,1,
团购点评\n午餐随便吃吃，团购很划算。。。,1,,,,1
团购点评\n团购的价格非常超值。只要30就两人的午餐打发掉了。去的时候比较早，东西都很新鲜。果汁比麦当劳的果汁（果汁加自来水）的味道好多了。,1,,,1,1
团购点评\n一个人吃多一点 两个人吃少一点 还不错～,1,,,,
我和女儿买了个手枪鸡腿另加汉堡套餐。手枪鸡腿又大又好吃，但汉堡和肯德基，麦当劳比相差太多了。一楼厕所附近地面上有很多水渍，也没服务员去拖干。,-1,-1,-1,1,
团购点评\n团购的单，价格便宜，味道一般。,1,,,-1,1
团购点评\n两个人吃正好 很不错 汉堡的全麦挺好吃,1,,,1,
味道不错，休息不想出门，德克士来一单，还没棒棒的,1,,,1,
团购点评\n不错挺划算的，下次还来，就是有点吃不饱,1,,,,1
团购点评\n看电影配置一下不错。。。不过美团上品种更多。。。,1,,,,
团购点评\n一个吃正好，两个人给不饱，下次还去,1,,,,
团购点评\n江宁路店吃的！环境不错，炸鸡很赞,1,1,,1,
德克士的辣翅和圣诞太难吃了，不能跟麦当劳比的～,-1,,,-1,
团购点评\n量蛮大的，就是热果珍不能换，这么热的天有点。。。。,-1,,-1,,
团购点评\n很实惠，分享一下！哈哈，懒人可以选择,1,,,,1
南京西路 江宁路 梅龙镇后门 来伊份的 旁边 有次 逛街 累了 想找 休息的地方都没有 看到有德克士 进去点了 招牌的 手枪鸡腿 薯条 一杯饮料 手枪鸡腿 很大个  一直觉得很好吃的 搭配的酱料 很给力 鸡腿 吃的吃很新鲜的 薯条的话 也不比 麦当劳 肯德基的差的 价格的话 我觉得差不多 快餐基本都这个价,1,,,1,
#手枪大鸡腿# 配合胡椒粉和特质酱料，  吃得好舒服。,1,,,1,
团购点评\n德克士最有名的就是手枪腿，不过这次双人套餐团购也很给力,1,,,1,1
团购点评\n还行吧～去了几次就那样！！下班时间早,1,,,,
挺不错的，很实惠的价格，店面很大,1,1,,,1
领了券来吃的，特别爱吃这家的鸡腿，一级棒~,,,,,
今天用集享卡手枪腿和汉堡都是+1元多一个，果断来一个，谁让我就爱吃炸鸡。手枪腿好大一个，吃起来真过瘾，一个下去就有点饱了，皮很脆，里面肉很嫩还有汁水。这个吉吉三宝就差了点，孜然鸡柳没有吃到肉的感觉，鸡块好多鸡皮，鸡翅很小。饭的话真的太快餐了，随便吃吃垫个肚子还可以。最后活动送的冰淇淋好吃??,-1,,,-1,1
陪父母去梅陇镇广场办理美国面签，预约是早上8点，拿着他俩的所有物件儿，在对面的“德克士”耐心等待他们的归来。环境宽敞，有免费wifi，有手机无线充电装置，鸡肉粥很香浓稠滑，用了上好的大米呢！,1,1,,1,
手枪腿啊 经典 汉堡什么的可以无视 土豆泥意外的好有欧洲本地土豆泥的味道,1,,,1,
正好路过。。然后想很久没吃了。。进去吃个炸***。。那天正好有点不舒服。。本来想去绿杨村买包子的。。谁想到那么多人啊。。就退出来了。。隔壁吃个炸鸡腿。。\n手枪鸡腿。。\n而且是现场炸的。。真的是第一口烫到了哦。。大家吃的时候要注意了。。这样子。。\n我自己不小心的。。然后这里居然问我集享卡有没有。。\n我真的没听清楚\n就想确认下。。店员不知道我不清楚。。就没重复了。。\n然后我就想试试看。。是不是全家的。。报了手机号通过了。还能积分\n太强大了吧。。。\n我是因为很少来吃所以不知道可以同积分的。。哈哈哈\n大家就注意下这一点啦。。\n一个炸鸡腿真的很大个。。很容易饱的。。饮料正好我自己也买好了。。\n正好。。这里一楼位置不多。。2楼稍微多点。。,-1,-1,,1,
逛完街，难得想吃德克士，本来很久没吃还蛮期待的，怎么越来越差了，服务员爱理不理的，让她在拿点纸巾，一边抖腿一边斜眼看人，随手丢出一张纸巾，搞什么啊，难道是因为团购的就这样？\n拿好餐坐到二楼，刚拿起准备吃旁边突然有小飞虫一直围着飞，赶不走，好不容易拍掉了，算是解决一件烦心事\n吃到一半的时候居然有店员来打扫卫生在我旁边拖地板！没看到人在吃东西吗？\n最讨厌的是店里循环播放让人叫美团外卖什么的，就不能放点音乐？来用餐的谁听广告啊，听多了让人烦燥的不行\n最重要的是怎么咖喱都是油？还有鸡块一口咬下去都是面粉的感觉实在是……\n已经不想说什么了，所有的好心情都没有了,-1,,-1,-1,
味道不错，就是吃饭是一直有只苍蝇在飞，影响心情,-1,-1,,1,
今天是小年夜，公司还没有放假，坚持工作到最后一天~~\n\n十二点半了，还没点外卖，还没想好点什么~~纠结啊~~在饿了么上看来看去~~最后一点了，算了，出去买吧~~\n\n出来一看~~想吃的在排队，要么就是太远了~~看看速度上，还是选了德克士~~他们家也好选~~品种少~~不用太纠结~~\n\n点了一个肥牛套餐饭~~25元~~送例汤~~不喜欢的可以换饮料~~我换了咖啡~~\n\n肥牛饭蛮好吃的~~可能我饿了的关系~~比意料中的好吃点~~\n\n后来发现他们家可以团购~~下次团个看看~~,1,,,1,1
味道还不错，好久没吃了，量挺足,1,,,1,
这家炸鸡性价比很高\n20几块有汉堡 鸡翅 和营疗\n也不会比肯德基麦当劳难吃,1,,,1,1
德克士(江宁路店)，dicos，他们家最出名的应该是手枪大鸡腿吧，记得之前有一次老公看到广告特别想吃，在火车站一路寻找，从南广场找到北广场，终于找到了，后来dicos在江宁路靠近北京西路的地方又开了一家。看到微信有个贴子提到他们家的香草冰淇淋，原价6元，有星享卡可以打8折，也就是4.8一个。不过很一般，虽然吃出有稀奶油的感觉，但是整体还是好淡好淡。。。。甜筒就不谈了。。。#行走d小糯玉米#,-1,,,-1,1
有个女的服务员微胖态度真心不好 问了她几遍都不搭理你 经常去 有个男的瘦瘦 服务态度很好,-1,,-1,,
和肯德基差不多吧，随便吃吃该是可以的,1,,,,
突然想吃炸鸡了，一抬头正好看到，挺想念他家的手枪腿，一整个非常大，外脆里嫩，撕开撕开还有肉汁，点了他家的手枪腿套餐，里面除了手枪腿，还有一碗蔬菜色拉，一杯饮料。服务员还让我扫了一个二维码，做了一份简短的问卷，得了一份布丁。,1,,,1,
好像是每个月的18号买任何东西?1块钱就可以再换一份，蛮好的,1,,,,1
顶新集团下属的，也是康师傅方便面一家的公司，有几次看到就和康师傅开隔壁。\n这家的手枪腿是特色，同事介绍了以后去买了吃过，但是一下子喜欢上了他们家的米汉堡。\n以前有家叫莫师汉堡的做过这个品种，但是其他的汉堡店都没有。\n鸡肉是烤的，汁多肉嫩，还有酱料，米做的刚好，香香的。\n一个汉堡店里卖17元，有点小贵呢，如果网上外卖有折扣的话会便宜很多。\n有菠萝的汉堡也好吃。就是不知道为啥价格定的高，再打折。\n这家店还是挺喜欢的吧。,-1,,,1,-1
正好路过，看见有活动就进去了。点了四十块钱东西，送了券……下次再来用吧，说说今天点的。原味布丁是牛奶味的，味道清爽～孜然鸡条挺好吃，虾米汉堡有中国特色哈，主要性价比稍微低了一些，快餐就应该价格亲民才对呀。,-1,,,1,-1
去环艺看电影，来不及吃饭，买快餐来吃。之前也叫过这家外卖，也还可以。团购一个单人餐，很划算，再买了一个米汉堡。脆皮鸡排其实不是鸡排，是鸡块，真是暈！,1,,,1,1
德克士位于江宁路靠近梅龙镇广场。\n\n好几年前刚认识这个牌子是从它的手枪腿开始，小伙伴神秘兮兮和我说有家和肯德基麦当劳类似的快餐店里的炸鸡腿??炒鸡大，炒鸡好吃，于是点评一查，全上海没开几家，离家最近的也就靠近七宝了。\n\n德克士是顶新国际集团1995年5???管理的西式快餐连锁品牌。\n\n现在的德克士门店也越来越多了，这次点的外卖，点评???活动：???30元减15元，???50元减26元。快递费6元。\n\n点了手枪腿（22元），依旧鲜嫩多汁。配上黑胡椒粉，堪称完美。\n\n脆皮鸡腿堡（17元），面包有点硬，鸡腿肉微微辣，多汁，喜欢里面的酱。\n\n脆皮炸鸡??（11元），整个鸡翅再带点胸口肉，大大的，好满足呢。,1,,,1,1
下班后在静安寺附近的和川烫发，烫完发肚子饿了，就去德克士买汉堡旎，味道还行,1,,,1,
早上去了火车站店没有吃到手枪鸡腿，宝儿不开心，非要去吃手枪鸡腿，只能驱车去江宁路店，进店好像蛮忙的，点了鸡腿和牛奶，这里很人性化，如果吃不完可以加一元给百倍积分下次再吃，这家店大概是在市中心的关系，服务速度和质量都高于火车站店。,1,,1,,1
感觉还不错 只是没有肯德基 麦当劳 好吃 东西偏贵 没找到洗手间,-1,-1,,-1,-1
很棒的脆皮鸡腿和手枪腿 只是价格一直在涨,-1,,,1,-1
吃的还可以，环境一般，服务很好.,-1,-1,1,1,
"梅隴鎮影院的斜對面,環境不錯,脆皮手槍雞腿很不錯!",1,1,,1,
差评给服务人员，餐品环境没问题，服务人员不专业且服务态度很冷淡。,-1,1,-1,,
早饭换换口味改吃油条，油条味道不错。最主要的他们店里还有个新奇的玩意可以充电的非常好玩。,1,,,1,
一般吧，味道确实不好和其他的快餐相比,-1,,,-1,
德克士我最喜欢的，感觉是他最大的卖点的就是手枪腿。真的是好大好大一只啊。点了手枪腿套餐，但是服务员没有提醒可以帮忙切。之前有次在敦煌的德克士清真吃过一次，是帮忙切开的。这边不知道如果要求可不可以切。感觉一个女生拿着手枪腿的画面也是不忍直视啊。沙拉不推荐，蔬菜切很大块，关键是酱不好吃，换成一般的沙拉酱可能会好点。鸡翅也没什么味道，感觉都要加他们的黑胡椒粉，不然都没味道。,-1,,,-1,
刚好经过就来啦……正在开心吃炸鸡，结果服务人员在我旁边扬起灰尘扫地...\n另外应该对外的大声公广播却是对内一直重复洗脑，好像不想客人待太久\n德克士没有音乐可以播？广告广播可以接受但不要一直重复那几句话，还以为音响跳针呢\n不过还好今天炸鸡不错吃哦……\n这家店有无限充电还蛮潮的，圣诞布置蛮有气氛的,-1,1,-1,1,
"招牌手枪腿。酥脆的肌肉，一口咬下去，满足的不要不要的！鸡肉非常鲜美可口，配以胡椒粉味道更佳！?(*′?` )(′?`?)""""?中午外卖之良心榜单推荐！(*?)(*?)(*?)(*?)～?还有没有鸡翅。。。",1,,,1,
德克士的性价比还是不错的，手枪腿很好吃，但是18号的卡友日加一元送单品的活动，手枪腿居然不能参加这个活动，感觉有点小遗憾，,1,,,1,1
没有比这家服务差的了，大早想点一杯冰美式，结果给我满满一杯冰，咖啡大概只有一半都不到，冰多到连吸管都塞不进，我花16元是来吃冰的吗？点个粥套餐换鸡蛋结果换成薯饼，也就算了！我问早上有鸡翅吗？回答没有！结果5分钟后厨房喊鸡翅好了，我想问这是怎么回事？,-1,,-1,,
鸡块不止一次没给酱了，感觉特别不专业，薯条每次只给1包。点餐后面的好了，不催就不准备，好几次买的东西是凉的，红茶里面没有水就算了，有个胖女人每次过去像欠她钱一样，点名表扬店里的收银员瘦小伙（不知道名字），每次过去态度很好，服务很热情。,-1,,-1,,
还是原来的味道就是爱吃他家的脆皮炸鸡,1,,,1,
手枪腿一级棒！！！我的大爱！！！,1,,,1,
3号服务很好东西上的那速度没得说,1,,1,,
团购点评\n服务态度一般，不知道是不是我用团购的问题，一直拉着脸,-1,,-1,,
经常路过这家德克士，好久没有吃手枪腿，于是点了个套餐加了10元两对鸡翅。先说一下手枪腿，大小好像缩水了，味道还好，但服务员忘放调味包。然后再说说蔬菜沙拉吧，打开都是卷心菜，一个小小番茄，无语了！现磨美式咖啡还OK，但如今世界里，你发奶精就是你的服务理念落后了。如果有免费的鲜奶加的话，我消费这价格就无话可说了。,-1,,,-1,
双11这天凭集享卡，消费满11元返1100积分，就点了一对鸡翅加北海道布蕾共计12.80（会员价）。由于下午要赶去上班，也没注意拿收银小票，晚上发现集享卡里没有返1100积分。打电话给集享卡公司，说显示消费8.80元。莫名地碰到不靠谱的德克士收银员，郁闷，无故损失11元！！,-1,,-1,,1
每个月18号都会参加会员日活动，加一元满一送一，这个鸡翅的双十一活动也是便宜的没朋友。挺好的。,1,,,,1
味道不错，服务还算周到，价格也不贵，工作日中午生意超好。,1,,1,1,1
吃便饭工作午餐餐挺不错的，桌子上竟然有手机充电装置，第一次见到这么牛逼充电器。,1,,1,,
叫过很多次外卖，堂吃第一次！\n说说这家店的评价吧；\n口味：一如既往的好，这个是没有说的；\n环境：环境不错的，干净整洁，但是大厅里的水没有及时补给！\n卫生：就自己知道食品进货必须离地15CM吧，但是他家是直接鸡翅扔地上的，这点接受不了！\n服务：点单的小伙子蛮客气的！,-1,1,-1,1,
布置、灯光、卡通图美观，餐食未及KFC、麦当劳类，有优惠、套组时方便、快捷。,-1,1,,-1,1
德克士位于肯德基、麦当劳之列，价格基本没啥优越，甚至还有个别品类高一点。产品质量尚可，但有个优越点，就是门店店堂，总是布置得大方、美观，贴图简洁，却色调柔和、靓丽，卡通选材美观。即使只采购带走，亦欣赏到整体布置。恰有套组优惠，就采购了些，带回家，分作为我的早餐、饮品、零食。快餐、炸食只受我的欢迎，老辈人，碳酸饮品/汉堡，給分享，亦不食，本次择这套，多了。双鸡堡、鸡翅、照烧鸡饭、美年达、可乐。若有如kFc的翅、小食特惠，估会更受欢迎的。,1,1,,1,1
德克士在外面的连锁店并不是很多，所以我去得不多，这次这好在江宁路附近办事的，正好经过德克士门口，本来也没有想进去的，被门口的广告吸引了，香辣鸡翅10元一对还买一送一，门口好多海报，于是我就进去买了鸡翅，原来买一送一鸡翅要会员卡，本来以为我没有，没想到全家的集享卡就可以用，难道德克士和全家是同一个老板？管他了，能用就行，10元2对鸡翅，太划算了，而且也很好吃，外脆里嫩，鸡翅炸得恰到好处，德克士的味道还是不错的,1,,,1,1
一直听朋友推荐德克士的手枪腿，但是一直都没有机会尝试，这次好不容易找到机会拔草了。买的是手枪腿，加薯条和饮料的套餐，一共32元，我选择了外带。先说说手枪腿，有两种选择辣的或者不辣的，询问店员后她推荐原味的，就果断下手了。的确味道不错鲜嫩多汁，只是好大一个，有点吃不掉的感觉。薯条赞一下，我觉得味道很好，我喜欢这种粗粗的薯条，只是唯一遗憾是那个番茄酱，感觉不是很好吃有点淡。总体来说蛮不错的，第一次吃还是比想像中的好，下次想尝试下他们家的汉堡，据说也是很不错的,1,,,1,
外送服务准时，餐点新鲜美味，叫了特价的套餐，还有满30减10的活动促销，很划算！,1,,1,1,1
鸡肉有点老，肉不够松脆，总觉得还差点啥。,-1,,,-1,
还不错的地方味道不错的选择蛮好团购的,1,,,1,
德克士還是網上叫外賣比較優惠的！活動比較多,1,,,,1
按照时间顺序发生的故事：\n不是正常点去吃的火锅\n走不动的两个胖子消化一下\n20度去买棉帽子的两个傻子\n去换装之后费尽心思的展示\n最后去德克士店莫名其妙比手的两小只\n约定下周去图书馆当学霸\n短短一天就是有一种家的温暖,,,,,
解决午餐的好去处，汉堡还可以。,1,,,1,
很久没光顾这家，最近想他家的手枪鸡腿，想了快有个把月，无奈网点太少，今天终于成行。因为赶时间只能打包外带，但现在交通整顿，不便停车，于是电话店员看他们能否送到门口，服务员建议我通过外卖app下单。一开始把车停在南阳路西康路，这么近的距离美团都不送，于是停到中信泰富旁边，这才送。我居然还是第一次使用美团，首单可以减15元。点了手枪鸡腿22元，鲜橙汁9元，外卖费5元，折后21元，使用银行卡还能再减3元，这样整单下来比堂吃还划算。下单后再电话店里，跟店员说我就在附近，即刻派人送来，从下单到收货10分钟不用。\n鸡腿好大个，外皮炸的酥松可口，不过说实话也就这层皮好吃点。还送了两包胡椒粉，自己根据喜好酌情添加。,1,,,1,1
中午过去吃饭，12点多到了门店，排队人数要超过其他快餐店，连送外卖的也是。像打仗一样的中午，过了30分钟后才恢复，生意很好。推荐一款带皮鸡肉，很脆很香，配合他们的黑胡椒，一级棒。给他牌快餐好吃多了。,1,,,1,
味道挺好的人都有约的话，我市将士们都是你自己去争取我的心情是不是太空中国人民政治学了一个人的时候才肯睡觉前我要做人不能够了两个都不是我想我的小朋友堆雪人啦啦队美女如云日子都市全国最美的哥拒载，有约为此,1,,,1,
晚上外卖叫的 突然想吃～ \n原味鸡块没有kfc的好吃呀～是脆脆的那种！我更爱kfc！\n但是快递超级好！我备注饮料换成冰可乐！果断帮我换了！感谢\n鸡翅蛮好吃的！很香很脆,1,,1,-1,
好久没吃炸鸡了，择日不如撞日，刚好路过这家德克士就进来呗。炸鸡就是好吃，一口咬下去，皮脆肉嫩，酥糯香口，油而不腻，份量给力，一对鸡翅五分钟不到就解决掉了。不过有一句讲一句，沙拉和饮料相较之下就太没存在感了哈。,-1,,,-1,
团购的很合算呀呀呀，解馋的好地方……^_^,1,,,,1
炸鸡炸鸡最爱的炸鸡~一直看到DPer好友在大赞手枪腿，就特别眼馋！由于第一次吃的时候点的是辣的手枪腿，是椒麻味，不过我不喜欢麻辣口味，就浪费了。这次吃了原味特别特别的开心！好吃！肉也非常嫩！另外德克士的集享卡特别优惠，所有单品8折优惠吧，另外国庆期间的香辣鸡翅买一送一，赞赞赞~但自制的番茄酱可能味道不太习惯。唯一痛心的就是肠胃不好的我吃了冰可乐配炸鸡回家后犯病了...再此提醒各位吃货们要控制好自己的食量，不要一下子吃太多~爱美食，也要爱身体。,1,,,1,1
环境一般，但咖喱饭不错，以后应该还会去。,-1,-1,,1,
还好，一般把，没有肯德基那里好吃,-1,,,-1,
在饿了吗点的外卖 送的还满快的 有活动 满30减12 配送费5元 还是满划算的 有点店配送费都要9元 点了杯热咖啡 幸福热奶茶 土耳其烤鸡翅 ，还有个汉堡 汉堡味道不咋地 ，鸡翅有点凉了 ，奶茶和咖啡还不错 ，满好喝的 @@@@@,-1,,,-1,1
魔法鸡块好吃 下次有机会试试别的,1,,,1,
去上海玩时打包当夜宵的，很不错。,1,,,,
炸鸡真的没话说，鲜嫩多汁！\n如果有香辣味手枪腿就好了～,1,,,1,
团购点评\n量好少的，团购的量感觉少很多。,-1,,,-1,
不知道为什么就是不喜欢KFC和Mc就是觉得德克士好吃，超级喜欢吃魔法鸡块！,1,,,1,
团购点评\n中薯味道不错，很大，很喜欢吃。,1,,,1,
团购点评\n还可以，价格实惠。环境还可以。,1,1,,,1
团购点评\n晚上不知道吃点啥！就在大众点评上看看！就看到了这里离家近，就跟朋友出来了！我们团购了一份双人套餐！很实惠，口味也挺好！服务也不错哦！这套餐看着就非常有食欲！分量看着也还可以。鸡肉饭配的小菜很好吃，鸡肉也很实。,1,,1,1,1
只能说不能再差了！！！点单的时候习惯性的拍点照片上传点评给大家分享点好的不好的！也是奇怪了！居然被告知不能拍上面的价格单图片！我就问為什麼了点单的就说不能拍一个劲的要给我外卖单！有这么见不得人吗？还是有猫腻？今天活动日买一送一的活动口头告诉客户但是点单就是没有说给的优惠券，等餐食出来告知说手枪腿是给券的！奇了怪了！点单的时候不說！你还有理！只能说太差劲了！妳們打印出来的单子上也有写希望在点评上提出建议！我也想看看你们会不会有所改进！,-1,,-1,,1
团购点评\n很好吃哦～也很好找～薯条棒棒的～,1,,,1,
团购点评\n老公吃完和我说，怎么没以前好吃了。我问他以后还要吃吗？他说不要了。好的吧！,-1,,,-1,
团购点评\n不好吃，和以前没法比，东西差了,-1,,,-1,
团购点评\n汉堡很好吃，不喜欢喝可乐也给我换成美年达了，薯条有点咸了，脆皮炸鸡太油了……,-1,,,-1,
服务，管理非常混乱。现在有冰淇淋第二件半价活动，前天买，用集享卡第一个还能打8折，第二件半价，2个总共7.8；今天变成跟我说两个优惠不能同享，2个要9块。\n倒不是在乎这1.2，关键是：1.你前天电脑能做进去这个帐，说明两种优惠并非不能同享；2.特地去集享卡软件里看了德克士正价商品8折活动的说明，里面并没有提到不能与其他优惠同享的字样；3.同样的服务员，不同的说法，只能说明商家管理异常混乱，随性所致，不顾消费者利益，所谓“解释权归商家所有”的霸王条款由此可见，所见一般！,-1,,-1,,1
东西好难吃！德克士应该不是这样的！又贵又不好吃！真心醉了,-1,,,-1,-1
团购点评\n上海最好吃的炸雞之一。我喜歡香脆型的，不太喜歡加汁的炸雞--所以香噴噴的德克士永遠是我宵夜首選????????再加上一個手槍腿炸雞，卡滋卡茲，灑上黑胡椒粉絕對的心頭大好??????。也試過外賣，但是還是喜歡在店里邊看街景邊咬着炸雞的卡茲卡茲感覺??????????,1,,,1,
团购点评\n在上海还真的是第一次吃…市区门店实在太少，味道和M、K差不多～,1,,,1,
以为这种店不如肯徳基，没想到还挺好的很好吃,1,,,1,
团购点评\n中午去的，店面蛮干净的，可是人不多，楼上餐具都没人收拾，人手也不够,-1,1,-1,,
团购点评\n鸡腿汉堡新鲜，咖喱牛肉飯味道品像不错，服务态度好,1,,1,1,
团购点评\n性价比高，味道不错环境也行！有空继续,1,1,,1,1
热爱手枪腿的人减肥伤不起，大大的一只，外脆里嫩也有汁水。每次去必吃。,1,,,1,
团购点评\n从德克士开业就喜欢他家的炸鸡腿，手枪腿最爱，脆皮下面的鸡肉会有汁水，加上黑胡椒粉，大爱！每次都多要两包胡椒粉，把炸鸡撒满，吃着过瘾。其他就那么回事了。他家的松饼味道也不错。服务有点乱。,-1,,-1,1,
我在附近上班，感觉这家店环境还不错东西很好吃，所以多点了些打包到公司给同事吃，服务员很热情，所以给满星。,1,,1,1,
去学校报名出来，附近没什么吃的，远远见到德克士的大招牌，就想起来去吃了；店内比较干净，点餐速度比较快，堂吃客人不算多，外***较好；\n最爱的是脆皮手枪腿，可是吃完了才看到集享卡是有活动的，可惜了没有积分使用；,1,1,1,1,
炸鸡炸鸡....除了肯德基我最喜欢的就就是德克士的炸鸡了，不过现在的味道感觉也没有以前吃来那样的感觉了,-1,,,-1,
手枪腿！！！好吃\n就是冲着这条腿来的 哈哈\n无奈上海的分店太少\n大多数都是在郊区\n要么就是机场 火车站的\n去年底在浦东机场吃过一次\n这手枪腿实在太赞\n前天路过南京西路\n无论如何都要跑去吃一次\n团购的双人餐蛮划算的\n给女儿和老公点了一份\n我就吃手枪腿\n女儿把一份饭吃光光 估计饿了\n老公说汉堡一般般\n还是炸鸡好吃\n没错！ 他家的炸鸡真是好的没话说\n就是当天没有辣味的了 不然更好吃,1,,,1,
没什么可说的，就是标准的炸鸡味道，我吃不出来和肯德基麦当劳有啥区别,1,,,1,
下班去中信泰富的路上 路过德克士 看到新出的哈密瓜冰淇淋。作为哈密瓜控 当然要去试试啦 本来没抱太大希望，然后一吃 感觉还不错。,1,,,1,
地点好，枇杷腿没有想象的好吃，但算是不错的了,1,,,1,
味道依旧，推荐炸鸡，团购性价比高,1,,,1,1
主要对食物不满意，才吃了一块炸鸡，第二天差点烂??，可见东西很上火，我怀疑油炸的油不好，味道一般般，饮料也不让换相同价格的，比较失望,-1,,-1,-1,
进德克士买玩具的次数比吃东西的次数多，当年买过一个厨师菜菜，后来又买过好多个蝙蝠侠，因为带到办公室大家都喜欢，不贵，6元一个，可以单买，后面有一只笔，可以翻出来写字的，同系列还有钢铁侠，美国队长之类的，都没他好玩。,1,,,,
喜欢喝冰可乐，吃汉堡，挺爽的呦，我喜欢，,1,,,1,
最近貌似优惠很多，最方便的速食，不二之选，\n冰淇凌买一送一，辣翅也是特价，,1,,,,1
挺实惠的，送的得意杯不错，哈哈,1,,,,1
在这个狂疯暴雨的曰子，最近的德克士是个不错的选择！\n他们的米饭包装升级了！也加料了！配菜也多了不少，总之比之前的米饭看起来更加有料，更有价值感了！\n炸鸡，一直是他们家的主推，是他们的特色，之前只有原味，现在推出辣味，选择性更多了！总之很棒！,1,,,1,
就是不优惠，腿的味道不错？。。。。。。。。。。。,-1,,,1,-1
以前公司附近经常叫外卖~喜欢他家的手枪鸡腿~魔法鸡块~还有9.9两对的辣鸡翅~绝对的良心价~哈哈哈\n经常有优惠活动~很实惠~店里环境也不错\n手枪鸡腿撒上黑胡椒粉~米道老灵额~推荐\n9.9两对的辣鸡翅味道也不错~没有某麦这么辣~味道刚刚好,1,,,1,1
环境很不错味道不错，每月都来吃,1,1,,1,
团购点评\n孩子喜欢 应该不错 只是上海德克士的店铺有些少,1,,,,
服务员和死人一样，咖啡撒的一塌糊涂给我,-1,,-1,,
团购点评\n味道还可以，套餐量好大，够吃两顿了O(∩_∩)O,1,,,1,
最近好想吃炸鸡，毫不犹豫的就来买了！满足嘴馋的欲望了。\n炸鸡腿，这个是德克士的招牌之一吧，表皮很脆，里面很嫩，而且整体不油，也不是那种骨头很多的，还是有很多肉的，喜欢\n超级鸡腿堡，里面的肌肉超大一块，而且和那个炸鸡腿的口味也有些不同，两种类型不重复很棒，只是觉得上面撒的酱一般般，希望下次换一种味道可能会更好\n可乐，买来的时候发现超大杯，可乐配炸鸡果然是不变的真理！\n以后想吃油炸食品还是会来这里的！,1,,,1,
团购点评\n双人35.5元团购券，非常不错，有汉堡有米饭中餐，口味很正。,1,,,1,1
团购点评\n今天妈妈帮我中午一起兑换的，在梅龙镇广场这里的门店，嘿嘿，还好不算太远，那里环境还可以，门店员工有些冷冰冰的，服务态度不好，妈妈吃了饭，我吃了汉堡，鸡翅也味道不错，我们还多买了个手枪鸡腿，味道很棒哦，至于双鸡汉堡味道口感比较一般，无功无过，不过团购双人餐才30块，也是够划算的，这个价格来说，挺好的，中午随便吃点的话，也是个比较好的选择,-1,,-1,1,1
都是蚊子都是蚊子都是蚊子，感觉吃饭就在喂蚊子,-1,-1,,,
团购点评\n味道很好吃，就是我们2个不太能吃辣的，一直是要原味的，第一口辣味的，醉啦,1,,,1,
团购点评\n一个人吃太饱啦，味道还不错，逛街累了正好吃吃,1,,,1,
好几年没吃了，团购买的套餐便宜。,1,,,,1
团购点评\n很好，经常买，挺合算的。孩子喜欢,1,,,,1
那里咖喱饭和杨枝甘露不错，其他的没吃过。,1,,,1,
团购点评\n考试那天周边没有地方休息 就看到这个 还好来得早 位置还有 渐渐的 人都满了 好几个小时 店员也没有赶大家走 薯条量多 粗 鸡肉卷 结实 一吃就饱 更何况我团购的 还有个大肌肉呢 比其他店的大很多 可能忘记问他要部位了 有些地方比较柴 就不吃了 哪个胡椒粒好吃极了,-1,,,-1,
是可以，新出的被子好大只。十五字。,1,,,,
团购点评\n团购的性价比非常高啊，东西量很足,1,,,,1
团购点评\n薯条比kfc和麦当当好吃 不是细的,1,,,1,
团购点评\n不错，比肯德基要好吃多了，皮脆肉能嫩。,1,,,1,
团购点评\n德克士的鸡腿味道不错，就是位置很少。很多不吃东西的人把位置占光了！,-1,-1,,1,
不怎么好吃。。。鸡堡好油。。。,-1,,,-1,
团购点评\n薯条拿到手是冷的，这难吃程度可想而知了,-1,,,-1,
终于赶上了每个月18日的买一送一活动，点了一份孜然鸡柳和鲜虾米堡~\n\n很明显这个鲜虾米堡是刚做出来的，味道还不错，但是孜然鸡柳都有点凉了，也不脆了感觉有点软软的，所以口感差了很多，而且对于我这个爱吃孜然的人来说，觉的味道不明显，建议店家以后开发点孜然酱包，可以让食客再蘸一下~\n\n没想到在餐厅里还看到头发花白的叔叔阿姨来吃，颠覆了我认为老一辈人都不爱吃垃圾食品的想法，看来还是优惠的诱惑大呀~,-1,,,-1,1
自己到梅龙镇广场逛逛，累了顺便补充点能量，自己知道油炸食品高能量高脂肪，不利健康，但是它香啊！为什么我们没法拒绝呢？因为它诱人啊！自己告诉自己：不经常吃，偶尔尝尝就行了！\n大汉堡，手枪鸡腿，很大哦！还有会员日活动，不错不错！,1,,,1,1
团购点评\n江宁路德克士的薯条和汉堡炸鸡一样质量好价格便宜，我们都很爱吃。,1,,,1,1
团购点评\n好吃啊 吃撑了 手枪鸡腿要是也有团购就赢了,1,,,1,
团购点评\n感觉地方还蛮大的，一楼明显比我以前去的另外两家要大，有上下两层，装修一如既往地好，蛮雅致的，我是上班日下午去的，因此人不多，到处是空位。点的薯条，感觉味道还行，也不需要番茄酱，直接吃。服务员态度也都挺好的。,1,1,1,1,
手枪腿的味道真是不错，而且一个绝对管饱！,1,,,1,
团购点评\n感觉没上次吃好吃了 鸡都炸地干乎乎的说,-1,,,-1,
坑爹，一点都不好吃，还又贵，差评，还超大啊鸡腿啊，草泥马的，小得不要不要的，***,-1,,,-1,-1
晚上叫的外卖 手枪鸡腿量好大 一直下去撑死了皮脆肉嫩多汁好评 \n为了凑单还叫了 魔鬼鸡块和辣翅 都不错 偶尔换个口味觉得棒棒哒,1,,,1,
团购点评\n懒人常去的地方，品种多，配我胃口，还会再去吃。,1,,,1,
团购点评\n中规中矩，点单最好看下有没有套餐优惠,1,,,,
团购点评\n第一次用团购，一个人吃刚刚好，蛮饱的,1,,,,
团购点评\n环境什么都不错的，上海连锁店一般没外地多。店的食品的品种蛮多的，推荐手枪大鸡腿，鸡排套餐。汉堡色拉盖饭系列得的也不错。吃多了肯德基，麦当劳，换换口味还是不错的。起码干净，卫生，味道也不错。有机会还会去吃吃，呵呵。,1,1,,1,
终于拔草了手枪腿，吃得一本满足！,1,,,1,
团购点评\n中午忙于工作就定的双人餐，挺划算的,1,,,,1
团购点评\n不错哟，希望其他产品一起跟上哦,1,,,,
看到吃播手枪腿超赞，自己买了吃也就这样，味道一般般,-1,,,-1,
周一同事一起买了好几个手枪鸡腿，然后每个都送了一张券，说之后任意一家德克士都能领取，谁知道根本不可以！只能哪里买的哪里取！打电话去说这件事，江宁路店内人只说他们里面不可能有人会这么说的，说我是不是听错了，弄得好像我在胡说似的！这是什么情况啊，真是差到极点！！！,-1,,-1,,
团购点评\n德克士在上海真心不给力，其实不错的，非要搞得这么便宜，要做出特色才行啊,1,,,,1
冲着会员日去的，\n+1元多一件小食，棒棒的\n\n下面说说吃的：\n脆皮手枪腿，自从世博会第一次尝试过后就深深的爱上了他，多汁味香，一个下去满满的幸福！\n脆皮鸡块，真心觉得没鸡腿那么爽，一般般\n魔法鸡块，一口一小块，方便好味！\n脆皮鸡翅，还行吧，活动的时候买买～\n薯条，美式的那种粗薯条，吃着很有满足感\n土豆泥，奶油蘑菇的香味，好次～\n色拉，随便吃吃搭配一下\n可乐，这个真心不敢恭维，淡得要死，奇怪的味,-1,,,-1,1
原来手枪腿这么好吃的？！？！？！,1,,,1,
服务员态度特别的好 每次都很热情的帮客人选优惠套餐   团队的精神,1,,1,,
德克士要是像K像M一样遍地开花就好了嗷！门店真的好少哦！感觉是各大快餐店里开的最少的呜呜呜总是想吃吃不到?_?\n又去吃了心心念念的手枪腿??原来原味辣味都有哟！吃了最爱的经典原味！太好吃辣！！一个下去超满足超级满足的●ｖ●\n薯条??依旧粗粗壮壮哈哈哈哈哈哈哈哈可是感觉盐没有感觉诶味道好淡der不过配上手枪腿的黑胡椒粉也是完美！\n这家店的洗手间在进门左手边往里走哟有点隐蔽之前都没找到哈哈,1,,,1,
团购点评\n口味真的很一般，还不如去吃麦当劳,-1,,,-1,
团购点评\n比较一般，有团购随便吃吃的。！！,-1,,,-1,
路过江宁路饿了就进来随便吃点，点了手枪腿。点单的可以用全家集享卡积分，挺好的。\n\n手枪腿蛮大的，有辣和不辣选择。点了辣的，皮脆脆的，但是鸡腿里面的感觉并不十分入味，大部分味道只是集中在鸡腿皮上了。朋友点了鸡翅，也说做的没以前好吃了。\n\n第一次尝试德克士，和预想的有点差距呢。,-1,,,-1,
团购点评\n隔壁外卖烤鸭等待中，附近只有德克士看着团购给力坐会,1,,,,1
团购点评\n团购了29.9的双人套餐，但是服务员态度很差，收银员拿盘子砸桌子还摆臭脸！！二楼桌子都是吃剩下的盘子，也没有人收！好吧东西还是很好吃，给魔法鸡块无数个赞。,-1,,-1,1,1
团购点评\n感觉这家店的团购套餐比较实惠，口味尚可，但是，饮料不能选择，比较遗憾。,1,,,1,1
手枪鸡腿挺不错的，个头很大，价格也不算很便宜，但如果遇到优惠，吃吃还是很合算的，性价比会比较高。外皮比较脆，里面的鸡腿保持了不少汁水。一个吃下去感觉还是有点多，可能是因为外皮裹粉比较厚，油炸后就感觉有点油腻。不过总体还是可以的。包装还是不错的，还配了黑椒粉。,-1,,,-1,
超爱火枪腿！你们也要尝尝啊\n啦啦啦啦啦！,1,,,1,
唯一缺点：楼上手机运营商信号非常弱经常会断，望改进！,-1,-1,,,
这家德克士开了好久了，从来没吃过，手枪鸡腿要22一个，觉得性价比不高，台湾炸鸡排一般最多也就16，今天318有活动。加一元可以买一送一。想想比较合算，就来试试。不过这个活动要半个吉祥卡，5元一张。忘了问全家的吉祥卡好不好用，他们两家不都是顶新的吗。手枪鸡腿还不能当场送，要拿张卡过两天领。费劲！不过味道还可以，不是原价就合算。,1,,,1,1
德克士的手枪腿一直是我的最爱，太好吃了，外脆里嫩，在撒点胡椒粉味道真是美的不要不要的！就是没有以前的大了，??记得第一次来吃德克士的时候手枪腿大大的一个下去撑死的节奏，现在虽不大了但是一个下去也很饱！位置在江宁路南京西路的绿杨村往前走一点就到了很好找！今天3.18卡友日买一送一太划算了，薯条也是买一送一，棒棒的！就是量少了点！蔬菜沙拉为嘛不在买一送一里？,1,,,1,1
团购点评\n环境很好，方便食品偶尔吃一下！,1,1,,,
环境很好，炸鸡还是老味道，非常好吃！,1,,,1,
团购点评\n赶时间吃的，上海门店不多，这家正好方便…,1,,,,
2月14日休息在家，突然想吃鸡腿，可是家附近的肯德基麦当劳都没有外卖！想起前几天朋友在朋友圈晒得德克士手枪腿，于是就点了外卖，送到的时候还很热，手枪腿味道很赞很嫩，辣鸡翅也是嫩嫩的，喜欢,1,,,1,
团购点评\n这家是德克士最好吃的一家店……,1,,,,
一直很喜欢手枪腿，哈哈一定要胡椒面，记得在成都吃的还有辣椒面，可惜上海没有！,1,,,1,
性价比超级高的团购 就是点单服务意识差了点 没问我要什么汉堡和饮料 吃不下的感觉,-1,,-1,,1
团购点评\n一般般，上班兩年第一次喫，我也是醉了,-1,,,-1,
非常喜欢德克士炸鸡，每次去鸡腿是必点产品，江宁路店还有色拉可以选择，很人性化的！说实话薯条真的不是很健康，其实如果他们家的可乐是可口可乐就好了！不是很喜欢百事，他们家的会员卡在全家也可以当做会员卡来用，说实在话挺好的！很实用！毕竟上海全家的数量与日俱增了！最近貌似在七号线罗南新村找又开了一家，刚去过人气挺旺的！,1,,1,1,
为金大哥给五颗星！今天去签证，出了点问题，没带手机和钱，向金大哥借用手机了。在这个骗子横行人们难以释放好意的时代，我不觉得被人拒绝有什么问题，但金大哥如此干脆地借给我，很让人感动呢…,,,,,
服务意识差，叫了不理，垃圾不收,-1,,-1,,
昨天下午买了块炸鸡赶公司，第一口就闻到了一点味道本来以为可能是心理作用，第二口吃到里面我靠！完全的不新鲜的肉臭味！超级想吐后来直接去旁边车站的好德买水漱口！我想说大冷天的肉还发臭，你说这个肉质量有多差，此生不再去德克士！,-1,,,-1,
味道还好，没有之前吃的好。速度可以,-1,,1,-1,
超级赞的大琵琶腿，十几年前吃的，后来一直看不到店，昨天刚吃到，味道比肯和麦好吃多了，就是快餐食品不敢多吃，痘痘龙又要爆发了。,1,,,1,
女儿喜欢的炸鸡店，难得去吃一次。份量十足，口味好，个人更喜欢里面的薯条,1,,,1,
团购点评\n鸡翅好吃，以后就吃它家的的了。,1,,,1,
一直是德克士的忠实粉丝，从小时候他们家开在人民广场和四川北路时就吃了，后来都关了，然后陆续在郊区慢慢开出来，但地段都不怎么好，前年开在了徐家汇，但是也关了，然后江宁路店开出来了，体育场也开了。\n    江宁路的德克士有两层，环境蛮不错的做的东西貌似木有东宝兴路店好吃啊，手枪腿今天吃了，不是很热了，买手枪腿的人不多呀，薯条倒是比其他店好吃，然后前两天去东宝兴路，发现关了，有点伤感，那是上海最老的存活在市区的德克士了呀，居然成为历史了，唉！,1,1,,1,
团购点评\n只能算一般般，口味态度和质量没有什么特色可言,-1,,,-1,
团购点评\n除了鸡腿也没啥特别 快餐就是图个方便,1,,,1,
罗志祥代言的，快餐店跟麦当劳肯德基差不多，蛮喜欢吃他们家的鸡翅的，汉堡包量也算足,1,,,1,
饿了吗叫的外卖 鸡翅没味道 不知道是不是我感冒嘴巴没味道。。。,-1,,,-1,
团购点评\n中午时分凑活的吃的，规定的套餐，还可以，毕竟不如自由选择的。快餐还是首选麦麦。,-1,,,-1,
路过点了杯南瓜拿铁，暖暖的，就是完全没有拿铁味？,-1,,,-1,
团购点评\n感觉不是很划算。德克士主要还是手枪腿,-1,,,1,-1
自从一次在西安很饿的时候吃了一次德克士的鸡排，之后就爱上了，很大一块，外皮脆脆的，很香，可惜他家鸡排也是时令产品，时不时地会下架，也不知道为什么。。。,1,,,1,
手枪腿嘛就手枪腿好吃。。大是大的来。吃完才发现有调料粉的？！\n那个饭噢什么鬼怎么那么难吃。。,-1,,,-1,
口味一如既往的好，尤其是手枪腿，赞,1,,,1,
手枪腿手枪腿手枪腿，重要的事情说三遍！哈哈。。。每次都是为了它去滴。有全家的卡好像可以打折。味道一直蛮好的我觉得，就是手枪腿越来越贵啦哈哈,1,,,1,-1
一百年必点手枪 ??。。。。现在有芒果冰淇淋??,1,,,1,
第一次来这里吃，感觉基本是KFC加豪大大的组合。点了招牌的脆皮手枪腿套餐，配的是薯条和可乐。手枪腿个头还可以，肉不算太多，外层的面粉和豪大大差不多，咬开后的鸡肉比较嫩，有点类似肯德基的原味鸡三角。薯条个头比KFC略大，条数则少一些，冰可乐渗水太多，有点尝不出甜味了。售卖的品种诸如鸡肉饭、鸡肉卷、汉堡、鸡块和肯德基没太大差异，特色上略显不足，价格略贵。,-1,,,-1,-1
团购点评\n对于我来说交通还是比较方便的。\n团购很划算，店内环境也很好。\n喜欢南洋鸡肉卷。,1,1,,1,1
团购点评\n说实话第一次吃德克士 害羞～哈哈 因为德克士分店真的不多 这次还是因为团购券去的 里面有一个汉堡 一个鸡肉卷 一个小鸡腿 还有两杯饮料 也许是第一次尝试特别有新鲜感 觉得德克士的炸物好好吃哦 不会很多油 不是很油腻 然后炸的外酥里嫩的 口感真的很不错耶 我个人来说 相当的喜欢,1,,,1,
买个蛋筒后来扫码送个可乐不错，很干净的环境服务不错,1,1,1,,
每月18号 买一送一 和同事开吃 爽爆阿,1,,,,1
每月18日会员日，和全家共用会员卡，可以原价加1元得一件，还是相当划算的，因此每个月18日的人都会很多，活动优惠嘛。手枪腿自然是最抢手的，基本上不够做，所以一般当天买手枪腿加1元是拿不到实物的，店员会给赠券让过些天来兑换，如果在附近上班或者居住的人自然可以，偶尔来估计就要悲剧了。基本上点一个汉堡加一个手枪腿吃着刚好，其实还有些色拉甜品什么的性价比感觉也不错，不过吃得不多。,1,,,1,1
团购点评\n突发要吃垃圾食品的冲动 看到团购就去了 整体还不错,1,,,,1
团购点评\n中午去的，鸡腿很小。二楼很热。可能是中午人比较多的原因，好几个桌子上服务员都没人收。,-1,-1,-1,-1,
团购点评\n说真的，没有想象中的好吃。鸡块还行。汉堡有点硬。,-1,,,-1,
半糖留言的估计没看到 做的有点甜了,-1,,,-1,
"团购点评\n买了双人套餐,汉堡鸡肉卷鸡块都不错。",1,,,1,
好久没参加会员日活动了，因为手枪腿不参加！这次点了脆皮炸鸡一加一，完全就是僵硬的鸡胸肉，温度也不够，干巴巴难以下咽，还好点了饮料！整体感觉会员日就是促销日、清货日，不敢恭维，希望今后会员日更有诚意些！,-1,,,-1,1
团购点评\n那天下雨，就选择了吃这个，很近的地方，五分钟的路程，很方便。,1,,,,
"德克士的特色就是手枪腿 好大一个性价比很高，我比较喜欢原味的鸡腿 老给我辣的很郁闷呀！宝宝不吃辣呀！饮料每次就是可乐雪碧之类的没啥特别,环境还不错的有两层楼楼上用餐比较安静一些一楼基本给那些送外卖的霸占了啦！希望这家店以后备餐多一些不要强迫客人拿辣的鸡腿啦！哈哈",1,1,,1,
团购点评\n环境好，份量足，价廉物美，??????????????,1,1,,1,1
团购点评\n这家分店就在单位附近，所以在搜罗食物时，当然不肯放过。更何况，现在有很优惠的套餐，更是要去品尝。我买了2个双人套餐，价格特便宜，套餐中的食物绝对够吃，食物很新鲜，鸡很嫩，鸡翅很香，儿子很喜欢吃，有机会还会去。,1,,,1,1
服务很周到，炸鸡也很多汁，大赞,1,,1,1,
老婆一定要吃，我想办法买了??,1,,,,
团购点评\n感觉没原来刚开张的时候好吃了。。。不过团购券还是相对很划算的,-1,,,-1,1
团购点评\n满意，口味不错，就是把我的奶茶给弄成橙汁了，总体还不错！,-1,,-1,1,
离开德克士外卖范围后的第一天，想他，离开德克士外卖范围后的第二天，想他想他，离开德克士外卖范围后的第三天，想他想他想他,1,,,,
团购点评\n连续两次在同家店遇到同一个小哥收银，小哥各种条款都没搞清楚就回复我，而且很干脆，解决不了了就请领导，领导一来就说都可以的，昨天为了等这小哥我足足看后面10个客人买完东西走掉,-1,,-1,,
性价比很高，口味还可以，吃惯kfc偶尔换换,1,,,1,1
走过路过不错过的快餐店，大鸡腿，好吃！,1,,,1,
团购点评\n实惠，划算，套餐还是超级划算了，,1,,,,1
团购点评\n还可以！没什么好吃不好吃的！啊啊啊凑字,1,,,,
团购点评\n服务员有话术，没表情！态度一般，点了鸡排大亨套餐记得饮料应该是配的油切绿茶，等入座吸了一口却发现是可乐，都懒得去理论了。配餐也不是按先后顺序，收好我钱又收了下一位钱然后去配餐结果是先帮我后面的配餐在帮我配！基本无语,-1,,-1,,
团购点评\n除了服务，别的和麦记KFC没法比,-1,,1,,
团购点评\n江宁路店环境好，手枪鸡腿吃的饱,1,1,,1,
团购点评\n性价比高，味道不错，团购给力。,1,,,1,1
团购点评\n很给力的团购，就是活动周日搞得太短了！曾经一连四天团这个套餐当中饭吃，而且是两人量一人吃，足足一个礼拜重了三斤，呵呵～～～这种才是良心价啊，希望以后再整点,1,,,,1
团购点评\n肌肉很嫩很好吃  两个人的套餐很饱,1,,,1,
团购点评\n很好吃，可惜后来得了肠胃炎。。,1,,,,
团购点评\n便宜的午餐 很合算呀 2个女生吃是够了,1,,,,1
团购点评\n可以不错蛮好吃吃蛮好的啊啊11,1,,,1,
团购点评\n经常来这边吃工作餐，大爱脆皮手枪腿，外皮香脆，肉嫩还微微带着汁水。薯条也一直炸得很脆，松饼不错，有淡淡奶香，冰激凌一般，幸福热奶茶每次必点，口感香浓，布蕾一般不推荐。服务态度一直很好，印象最深的是一个叫倪香的店员，每次都笑容满面，非常亲切，而且送餐速度很快，貌似还兼救火队员，如果阿姨休假也是她负责打扫的，我给她的服务打五星好评！,1,,1,1,
团购点评\n性价比很高，不过带回来没那么脆了，下次还是要堂吃～,-1,,,-1,1
团购点评\n感觉还可以，就是服务员太忙了，没空理我,-1,,-1,,
团购点评\n因为喜欢脆皮鸡块的口味，所以才评价三颗星，否则遇上这样的服务生连一颗星都不愿意给。不要说服务品质，就连最基本的服务规范大概都忘记了，爱理不理的样子，买三块鸡块，再三问了能不能不要全部鸡腿，给两块鸡块，服务员也确认了是鸡块，可是回家一看，还是三个鸡腿，很无语，请问这样的服务，管理人员不知道怎么看。看来在这里很有必要提醒大家，打包的时候还要看看食物是否正确。如果要财源滚滚，就要有好的服务，否则就会被淘汰。,-1,,-1,1,
团购点评\n非常方便，太好了一如既往的喜欢,1,,,,
服务不错，速度很快，就是手枪腿是很大，但是没有以前的味道了。。。,-1,,1,-1,
团购点评\n分量挺多，很实惠，下次还会光顾,1,,,,1
团购点评\n非常滿意口味好，服务好，价廉物美5分赞。,1,,1,1,1
团购点评\n第一次吃，感觉味道有些不习惯，,-1,,,-1,
团购点评\n还可以，环境也很安静，就是我要鸡腿，告诉他们，但给的还是鸡翅,-1,1,-1,,
团购点评\n非常不错！很便宜！以后还会去光顾！,1,,,,1
小孩喜欢这一家，吃过了还可以，比肯德基好,1,,,,
团购点评\n量很大 吃得很饱 希望一直有团购呢,1,,,,1
团购点评\n开在单位附近，中午团购了套餐来尝尝味道，价格很划算，环境也不错，两个人的餐东西稍微少了一点，后来加了手枪鸡腿，味道很好，皮脆，汁水多，很好吃！下次还来！,1,1,,1,1
在这边吃了几次，今天下午实在太困了，走到德克士时进来买了杯咖啡，顺便趴了一小会，意外的是这边的沙发和室内温度居然意外地适合小憩。醒来后连速溶咖啡都好喝了很多。提个小意见，虽然这次来的觉得味道淡了不少。但以我对味道的敏感程度，这边的老鼠味道还是有的，还要在卫生上继续加强。,-1,1,,-1,
团购点评\n有团购券很划算，鸡腿很嫩，饮料冰灌太多了,1,,,1,1
江宁路唯一开的比较晚的快餐店，汉堡没有某王好吃薯条还可以！性价比也略高！关键是大晚上的还那么多人！,-1,,,-1,1
到店服务还不错哦，就是感觉套餐反而没有单点外卖合算哈。店铺的位置摆放要再讲究一点，从外面看挺大，走进去布局有点局促，比如楼梯边的位置，还不时有人走上走下，挺干扰的……好奇这么大的楼梯摆在正当中，不影响采光和客流吗？可以使用的位置也因此少了很多啊。,-1,-1,1,,
"学生时代经常吃, 现在吃味道还不错",1,,,1,
没有以前好吃了，完全不是以前的味道了，鸡肉还有一股狐臭的酸味，哎,-1,,,-1,
团购点评\n公司附近，手枪腿非常好吃，我喜欢,1,,,1,
在旁边上班，偶尔会来吃，感觉蛮好的，服务很热情，很喜欢哦！,1,,1,1,
糯米的双人套餐很划算，现在店里人不多但是外卖生意很好啊，饿了么，美团，百度看他们一直在接单，味道很不错鸡肉也挺大的,1,,,1,1
德克士在上海的店不多，因为有全家集享卡积点兑换活动，所以就去吃了顿。\n店面位置不错，就在美琪斜对面，里面也很宽敞，还有二楼。\n用集享卡换了块炸鸡，一个鲷鱼烧，一个雪布蕾，另外还要了个鸡肉堡套餐。\n炸鸡：比较干，比肯德基的差点。\n鲷鱼烧：抹茶味道还行，颜色太深，疑似烤时间过长。\n雪布蕾：味道一般，没什么特色。\n套餐：薯条换蔬菜色拉，这个不错。\n总得来说，随便吃吃，没什么特色。,-1,1,,-1,1
这家店感觉很大而且人并不多。好像是有两层，一层是柜台，有些零星的座位，空间比较大，二楼没又上去看，大概也是座位吧。很干净。\n上来当然是点他们家的招牌手枪腿。本来只是想吃个鸡腿，薯条和可乐神马的热量太高啦，晚饭就算了。然而他们家的套餐可以选择沙拉和油切绿茶，听上去健康了许多。那么就改成套餐吧。脆皮手枪腿套餐，32.。顺便说一句这个套餐在火车站要49，贵了好多~~~\n人少，所以套餐很快就上来了。\n鸡腿果然是招牌，好大~~~~真是好大的鸡腿，比我一个手掌还大。蔬菜沙拉用的是芝麻沙拉酱，要是有油醋汁就好了，我更喜欢那个的说。饮料是可乐，奇怪，不是绿茶么？后面听服务员对点餐的顾客解释，因为绿茶销路不好，所以就木有了...其实还有我这种不太喜欢碳酸饮料喜欢喝茶饮料的人在啊~~~~〉_〈\n这个脆皮蛮脆的，热乎乎的看上去很诱人，撕掉外面一层皮，里面的鸡腿肉很紧实，白白的，嫩嫩的，而且还有丰富的汁水，真是不辜负招牌啊，唯一一点可以挑剔的是可能是因为比较大，所以里面的肉吃起来不十分入味，不过也有补救的办法，店家还送了黑胡椒的调料包，如果觉得味道不够可以自己加。\n一个鸡腿下肚，好多肉的感觉，十分满足~~~还办了一张他们家的会员卡，是和全家共享的，套餐积分，单点八折，后面我才反应过来，我有全家的卡的呀，为啥要另外办一张...\n吃多了肯德基和麦当劳，可以吃这家尝尝新。\n为了鸡腿也会回头再来的，只是他们家的分店实在不多。大多数还不在市中心，真是不方便啊...,1,1,,1,1
团购点评\n很普通，味道不咋滴。只能是顶顶饥饿。,-1,,,-1,
团购点评\n会一直支持…很爱吃腿…好味道…超厉害,1,,,1,
某日在梅陇镇办事，午餐就近德克士吃了\n一直很喜欢他家的手枪腿，这种东西不适合外卖 一定要趁热吃\n套餐中有蔬菜色拉，这点很棒，正好解腻\n酱汁就是丘比芝麻酱 \n他家的薯条不好吃，太细了\n饮料也可以换其他的咖啡奶茶  他家奶茶略甜了点，淡一点就好了\n他家的炸鸡也很好吃  总之是他家的粉丝,-1,,,-1,
团购点评\n快餐店 人不多 环境挺好的 上海挺多的 北京很少见到,1,1,,,
超喜欢他家的孜然鸡柳！简直好吃到爆！我们是打麻将的时候定的外卖~德克士真心是好吃的~我们还点了2个手枪腿！真心大~肉质很嫩~很好吃~鸡翅也不错~还有个米汉堡~我朋友真心是把米饭也全吃光了~更赞的是他们家的外卖还附带黑胡椒的调料包和一包辣椒粉~这个感觉很贴心有没有~还有他家的雪碧~不知道是我太久没喝还是怎样。。。反正是超级好喝！下次绝对还是这家的节奏呀~,1,,,1,
一直去吃麦当劳和肯德基，终于还是忍不住来吃了德克士~~\n\n吃食：\n手枪大鸡腿：来吃德克士当然不能错过超级大的手枪大鸡腿啦~~感觉和肯德基的原味鸡有的一拼，好像比原味鸡还好吃那么一点点~哈哈哈 自然之后去也是必点的~\n超级辣汉堡套餐：辣汉堡非常好吃~比MC和KFC的都大，还有清爽的黄瓜~比较的好吃~\n南瓜鲷鱼烧：味道一般，因为有点冷点了~觉得没有特别点的必要~\n可可：非常非常的好喝与浓郁~\n\nPD:有全家集享卡的一定要出示，可以打8折哟~~嘻嘻,1,,,1,1
团购点评\n这个双人餐让我有点失望。。可能德克士只有手枪腿比较出彩吧。消费体验很一般。,-1,,,-1,
比麦当劳好吃太多，三角好多汁。18号的优惠逆天啊,1,,,1,1
团购点评\n随便吃吃，还可以，团购价比较划算。,1,,,,1
第二次在江宁路店吃药了，我很怀疑店员的配餐素质，今天加一元买一送一，又少给我2快脆皮炸鸡，离柜了也说不清楚了，买2次2次配错，所以说眼睛睁睁大啊,-1,,-1,,1
卡友日说的很好听，买一送一，搞到后来新品不参加，手枪腿不参加，饮料不参加，那么多的不参加，你还搞这个活动有什么意义呢？价钱越来越贵，东西越来越小，唯一能吃吃的只剩下手枪腿了，德克士，你越来越黑了,-1,,,1,-1
免费办了张会员卡、八折、以后来都是八折～不错呢！,1,,,,1
团购点评\n随便吃吃。口味一般吧。无功无过,1,,,,
团购点评\n似乎感觉我是大众点评上面的 优惠太多 对我不是很热情  什么调味包都没给,-1,,-1,,
团购点评\n德克士的炸鸡还是味道很不错的！会常去,1,,,1,
叫了外卖 付款后说不在范围内 电话德克士第一位小姐接听说了一半叫了个自称王松的店员接电话 说没说不接单 我说之前你们服务员说超过范围不接单的 他说那是新来的 我问那你们负责人在吗 他说值班经理不在 饭点时候值班经理不在 我也是醉了 搪塞人也找个好点的借口好吗 着店以后真不能叫了 一会接一会不接 既然开了这个外卖口 就好好做 这样的服务太烂了,-1,,-1,,
德克士都已经发展到这个水准了 真的是外酥里嫩鲜嫩多汁了 好久不吃了呢,1,,,1,
团购点评\n大鸡腿非常好吃啊！小朋友很喜欢,1,,,1,
团购点评\n味道好吃 速度又快 好吃好吃好吃,1,,1,1,
团购点评\n团购实惠，吃饱没问题，地段也不错,1,,,,1
团购点评\n还行吧 和满大街的那两家差不多那个味道,1,,,1,
团购点评\n感觉一般。另外当时wifi 也不好 上网都上不了,-1,,-1,,
从来没有碰到过这么差劲的店！叫了外卖等了两个小时都没送到！期间还打电话催过，回答已经送出来在路上了！最后居然查下来根本没送！申请退款还要打电话去退，我也是醉了！这种商家还开着干嘛？大众点评也不审核一下是否有资格送外卖就这么坑害大众么？生平也是第一次在大众上做出差评！大家要在德克士叫外卖的请谨慎！,-1,,-1,,
绝对差评！外卖绝对不要点这家！！11点不到下单，一点半都还没有来... 电话N个去催，居然连哪个师傅送单都完全不清楚，给个师傅电话都是错的，还一直跟我说师傅电话打不通... 思路一塌糊涂... 没有接单能力就不要揽外卖的活儿好伐？？差评！差评！！差评！！！打一星都嫌多...,-1,,-1,,
团购点评\n吃炸鸡的，店里有蚊子。。。。。。。。,-1,-1,,,
团购点评\n价格实惠 还不错.......,1,,,,1
团购点评\n特地冲着它家的大鸡腿去的，鸡腿真的又大又好吃，其它的东西倒是一般般。,1,,,1,
就在梅龙镇斜对面！这家开了还蛮久的！话说以前德克士好少！甚至我是后来去成都玩才第一次吃后来才知道的！一直吃的是KFC和M家的！话说在成都太辣吃不惯！吃了这个感觉人间美味呀！这次叫的是外卖！刚发现有团购！其实团购还是核算的！如果不用团购和现在的另外两家比就性价比不高了！～\n      叫了鸡腿堡！因为我千年都是鸡腿堡的节奏，为什么感觉和另外2家味道是一样的！如果3家不放牌子我肯定要分不出来了！～只能说M家的最辣吧！不过好像他们家汉堡比较大有木有！～\n      还点了香辣鸡翅！不辣！一般般吧！本来叫了花茶说下市了！还了冰红茶！～总之感觉3家味道都差不多！就看性价比了！不过他家好像有蛮多我没吃过的新品种汉堡！但对于我这种保守人士还是老规矩比较好！～,1,,,1,1
团购点评\n中午吃饭人不多，手枪腿是最爱。,1,,,1,
团购点评\n不错 非常丰富 味道好吃 超划算！,1,,,1,1
幽花小姐也真是为自己给醉了，和朋友逛街，路过德克士，就看见有小薪的玩具，就拉着朋友进去看看，一看便看中小薪的拍拍灯，很可爱呢，就是小薪在泡澡的样子，一问服务员，说是买套餐+10元换购，果断选了一个套餐，收了这只拍拍灯，可以给我家小宝贝玩。哈哈哈哈，小灯太可爱，套餐真心不记得了，只有图了，好像是个什么卷的，不记得了，味道一般般。,-1,,,-1,
团购点评\n东西味道不错，就是服务质量差，环境也不咋地，没有座位，桌子上坐着的都是看书的人！,-1,-1,-1,1,
团购点评\n胃口很好哦，量也足，有机会到上海还会去的，,1,,,,
团购点评\n很满意、服务员态度也很好、会经常光顾的,1,,1,,
团购点评\n一般吧，选择太少了，收银的不咋滴,-1,,-1,-1,
团购点评\n看电影快到了 周边有德克士就买了 速度快 味道也还不错,1,,1,1,
团购点评\n鸡腿很好吃，可惜太贵，20元不少了,1,,,1,-1
团购点评\n不错 价格实惠 味道也好 离公司近,1,,,1,1
团购点评\n套餐中的热果珍给我的却是小杯美年达，并没有跟我沟通过，这让我很郁闷。口味一般，服务谈不上满意不满意。下雨天环境还可以。,-1,1,-1,,
团购点评\n非常好吃，手枪腿很大只，周五有会元卡有买一送一,1,,,1,1
团购点评\n双人套餐经济实惠，上海展览中心书展出来合适的下午茶。,1,,,,1
刚打包了一个超级鸡腿堡，回家一看，这块鸡又黑又焦，应该是炸过几次了，一咬像个石头，真的原先对这家东西很好的影响全没了,-1,,,-1,
团购点评\n偶尔会去，就住在附近。味道还算不错，服务也可以，活动也多。,1,,1,1,1
团购点评\n一般 ， 偶而凑合一下还行 。,1,,,,
团购点评\n还是比较喜欢德克士的，比小肯小麦都要好吃,1,,,,
团购点评\n非常满意，量足，味道与麦当劳肯德基有一比。,1,,,,
团购点评\n干净，团购券划算。常去吃，赞一个。,1,1,,,1
团购点评\n德克士的手枪腿还是很好吃的，味道很入味,1,,,1,
团购点评\n一般般，大同小异。一般不会再来了，人家都送杯子的，可我没有。,-1,,,,
炸鸡快餐，让人不自觉的与肯爷爷比较。这家的优惠多一些,1,,,,1
团购点评\n团购挺划算的。脆鸡超好吃哦。。。,1,,,1,1
团购点评\n便宜实惠还可以，第一次吃德克士有点小激动,1,,,,1
团购点评\n是的吧嗒：是从什么时候能源供应,,,,,
差评，订单居然无故取消，而且是一个小时后,-1,,-1,,
我觉得店里面应该都不是冲着来吃饭还是品尝美食的吧？我就是进来坐坐等人的时候点了饮料和布丁\n橙汁：绝对的高糖 。。。。非鲜榨的\n布丁：比橙汁还要高糖。。。。,-1,,,-1,
团购点评\n店的地理位置不错，人也不多，手枪腿味道很好！,1,,,1,
团购点评\n快餐多吃吃…就能吃出无限的快乐…,1,,,,
脆皮炸鸡挺好吃的 比手枪腿好多了,1,,,1,
其实没去过这家德克士，特地来吐槽一下这家标榜“罗志祥代言过”是个什么鬼！！！！那谁谁谁和那谁谁谁还代言肯德基麦当劳呢！而且别的分店都没写，难道罗志祥只代言这一家分店么，也是醉\n\n个人还是挺喜欢德克士的...,1,,,,
团购点评\n性价比绝对五颗星，鸡肉卷比较好吃，饼皮有嚼劲，汉堡口味略清淡。,1,,,1,
开在这个地段其实还是很亲民的\n想不出吃什么午饭的时候还是会去光顾下\n那个超级大的鸡腿肯定是不能不点滴\n还有就是他们也有外送\n下雨天不想出去一个电话就OK啦,1,,-1,1,
团购点评\n第二次吃了，性价比高，随便吃吃还不错！,1,,,,1
以前在上海火车站那边看到过。味道嘛，跟kfc差不多吧。,1,,,1,
团购点评\n味道还可以  和肯德基 麦当劳差不多 无功无过,1,,,1,
团购点评\n德克士家炸鸡卷真心一般，但是在这种黄金地段，这个价格还是很不错了,-1,,,-1,1
团购点评\n开在梅龙镇广场斜对面没什么生意，附近没有肯德基想吃炸鸡的时候会想到他，东西和肯德基没太大的区别。,1,,,,
团购点评\n很划算的团购 两个姑娘吃是够了 如果有男生的话 还是建议再买点别的吃,1,,,,1
团购点评\n打包带走的，汉堡是真的一般，鸡肉卷还不错吃,-1,,,-1,
团购点评\n儿子很喜欢吃，味道也不错，性价比很高哦！,1,,,1,1
团购点评\n大爱他们家的手枪鸡腿，量足，味道也好。环境比肯德基好多了。,1,1,,1,
团购点评\n经常去的店，团购很实惠，吃的很饱,1,,,,1
团购点评\n很实惠，鸡腿很好吃。汉堡好大个,1,,,1,1
团购点评\n一般，但是能吃饱比较划算。以后不会去了,1,,,,1
团购点评\n团购的29.9元的双人餐，这家店生意不是特别好，冷冷清清的感觉，收银的嘛也冷冷淡淡的态度，东西么，汉堡不大额-。-饮料偏甜，还是喜欢卖卖，就是价格还算给力吧~30块钱，起码有2个主食,-1,,-1,-1,1
#20150601# 小妮老婆虽为人妻，但童心未泯，更何况她是如此地钟情于小A，所以早早的答应她下班后去吃儿童套餐。所以她迫不及待的锁定叻门店位置，正好距离晚上要去的地方不远。\n由于最近我频繁去他家吃，所以之前是有留意到他家推出的儿童节换购哆啦A梦物件的活动，作为蓝胖纸的死忠，自然是不会错过。不过活动有点啃，任意消费加25元换购，真是好听，其实就是另外花钱买呗。\n到了店里，装修的格调还挺素雅，而且因为是儿童节装扮的氛围不错，老婆果断手枪腿啃起\\^O^/,-1,1,,,-1
不错，味道很好，服务也不错，动西很好吃。,1,,1,1,
德克士(江宁路店)位于静安区的梅龙镇广场附近。都是全国连锁店，没什么特别能评论出来的点。食物的制作水准神马的都是有一套标准的流程的。话说，他家的手枪腿，倒是挺好吃的。。吃过几次，单买一个手枪腿就够够的了。。个头实在是大，吃完后的饱腹感绝对的给力了。经常是打包带走吃。这次也不例外哈～至今呢，德克士的打包带还是使用塑料袋的哦，不像其它西式快餐店使用纸质的打包带。,1,,,1,
团购点评\n路过得时候突然想吃鸡腿，于是团购了，他家炸鸡皮比较硬，汁水很足，配了一包胡椒粉，可惜本身已经很咸了于是没用上，不同于麦当劳没有辣，也不同于肯德基没有奶香味，他们家就比较咸吧，美年达是没冰块的这点很好。,-1,,,-1,
团购点评\n超级实惠，味道也很赞，会再买的。,1,,,1,1
团购点评\n也就这样 鸡块也不是很出众 没有原味鸡块出众,-1,,,-1,
团购点评\n很划算的套餐选择，不过此套餐包含一个热饮，在炎炎夏日有些不合时宜,-1,,,-1,1
话说店里MM服务态度特别好啊，问了一下能不能用集享卡，点头表示可以，然后我忘了密码，很耐心的等我想起来，话说尝试密码的时候心里都是忐忑的，特别担心服务MM会各种不爽啥的……\n  #冻奶茶# 味道不错呢，奶茶口感挺细腻的，里面还有一些料吃不出来，但是很顺滑细腻，口感不错~感觉德克士现在店里经常会有活动呢，挺赞的,1,,1,1,1
团购点评\n出餐出得真是叫人捉急，总体味道还行，薯条不咋地,-1,,-1,-1,
团购点评\n买的双人套餐，都不怎么好吃，但手枪腿还不错,-1,,,-1,
店面很大，，而且也不挤，东西也好吃，环境和服务都好，下次还会去吃，给国产品牌点个赞，棒棒哒,1,1,1,1,
团购点评\n还不错，偶尔吃一下，油炸食品不能多吃,1,,,,
我觉得德克士的鸡腿比肯德基和麦当劳的好吃啊，至少这一家是这样。而且配一小包胡椒粉也很贴心的说，就是wifi太慢。,-1,,-1,1,
团购点评\n鸡肉卷很好吃，汉堡酱再多点就好了,1,,,1,
叫的外卖  没有番茄酱 没有餐巾纸 也没有吸管 我也是醉了  现磨咖啡不错,-1,,-1,1,
团购点评\n2个人不够，还是要吃手枪鸡腿，不然等于没有吃,1,,,1,
团购点评\n两人套餐团购性价比尚可，服务还可以。,1,,1,,1
团购点评\n比较赶时间所以找了比较近的，但还是不错的，实惠,1,,,,1
团购点评\n很好吃。感觉比起麦当劳肯德基好吃,1,,,1,
团购点评\n很划算的团购，比肯德基麦当劳好吃。,1,,,1,1
最爱吃德克士的圣代和炸鸡，炸鸡柳。,1,,,1,
小妖估摸宝山店那位对客人“挑三拣四”的店员八成是从这店调过去的！\n去过两回~店面装潢依旧是德克士的清新风格~还不赖！\n不过~二楼让人觉得有点儿压抑~且店内WIFI稳定性不佳！\n第一回还觉得可能是新人操作不熟导致动作慢~还情有可原~\n第二回去就花8元买甜品~结果遇上个店员收完钱后转头替后面一大单（近RMB 50）的备货去~结果让小妖站在一边近一刻钟！,-1,1,-1,,
团购点评\n还可以，随便吃吃，呵呵，儿子吃鸡块，我吃汉堡包,1,,,1,
团购点评\n最喜欢德家的手枪腿，一个下肚，直接塞饱。,1,,,1,
团购点评\n有鸡块 汉堡 鸡肉卷 两杯饮料 这个价格真的很优惠 鸡块很好吃,1,,,1,1
团购点评\n很实惠 去的时候人也不多 分量很足,1,,,,1
团购点评\n经常去的，非常方便，网上订单即可购买。,1,,,,
团购点评\n他家鸡的味道比KFC好，环境也好，挺好的呀。,1,1,,1,
团购点评\n量少少少，味道一般吧~~这价格和kfc也差不多。。不会再尝试,-1,,,-1,-1
托全家便利店的福，享受了一块免费的德克士炸鸡~\n\n因着参加了三次全家疯狂日活动，全家联合德克士搞活动送了一块免费的德克士炸鸡，得在规定时效内领取，过期作废。查下来好像也就这家分店离我是最近的，趁着来吴江路吃饭的机会，顺便跑来这家把炸鸡给领了。\n\n开在美琪大戏院斜对面，吴江路过来也就几分钟的事，恰好餐厅点餐人不多，没排队就领好了，只要刷全家集享卡就好。\n\n热乎的炸鸡是一整个的鸡翅膀，没有人家说的送调料包，口感还蛮香脆的，味道也不错，怪不得身边有不少人是它的粉丝呢。可惜分店离我都不是很近，只能下次来这附近时顺道过来吃了。,1,,,1,
团购点评\n没什么人气！服务员问上去死气腾腾！出餐好慢！不过团购的蛮划算的！,-1,,-1,,1
团购点评\n团购的    超划算      和朋友一起吃的    味道不错  很好吃   双人套餐   值得选择,1,,,1,1
团购点评\n性价比不错，洋快餐里算味道不错的,1,,,1,1
团购点评\n团购还是很给力的，性价比一下子上去了,1,,,,1
因为常去这家隔壁的游戏厅，所以这家德克士从开门到现在快两年时间，也去了很多次，办了会员卡，所有东西都能打8折，而且每月都有买一送一的活动，加上各种团购，还是非常实惠的一家店，这里的招牌就是手枪鸡腿了，特点是够大，味道当然和普通的鸡腿汉堡之类有些区别，总体来说口感就是很脆，很有咬头，朋友也常去这家，所以总体来说我自己对这家店的印像也一直都不错,1,,,1,1
手枪大鸡腿，只有这个最最好吃！必点~~别的都不用点，只吃这个~,1,,,1,
团购点评\n本来就是对油炸类型的东西没什么好感 但是这家还可以 没有特别油腻,1,,,,
团购点评\n服务比较差，上餐速度超级慢。注意，你可是快餐啊！,-1,,-1,,
团购点评\n很划算，味道也就那样吧，过年的时候没什么人，动作有点慢，等的时间久了点,-1,,-1,,1
团购点评\n套餐核算 味道不错 去过几次 推荐,1,,,1,1
觉得亮堂干净的快餐店，上海很少，开在市中心难得啊，家门口，活动价还算不错，吃腻味了麦当劳和肯德基，吃这家也是不错的。而且周围也没有这些，很方便。\n手枪鸡腿最嗲了哈哈,1,1,,1,1
为了小丸子特意去哒，买了儿童套餐，味道真心普通，不过拿到了心仪的玩具，老开心激动哒，喜欢,-1,,,-1,
团购点评\n经常吃的，团购还是很划算的，吃的好多,1,,,,1
环境蛮好 还有wifi可以连 鲷鱼烧话说味道一般性 他们家量倒一般还可以的,-1,1,1,-1,
个人感觉脆皮鸡比手枪腿好吃。外卖送了1个小时，我家走过去才10分钟。无语,-1,,-1,1,
团购点评\n东西实惠，看起来很干净，淡味道比较清淡,1,,,,1
团购点评\n不错的随便吃吃还可以 店里营业员有待提高效率极低用个团购卷他们一片混乱,1,,-1,1,
团购点评\n很满意，两个人可以吃的饱饱的，还会再来的,1,,,,
美琪大剧院斜对面的德克士，手枪鸡腿老大一个咬起来又脆又嫩 比那些面包粉外皮的鸡腿口感要好。店家门口窗不定期还会贴各种优惠活动。,1,,,1,1
团购点评\n味道挺好的，环境也不错，和朋友一起吃的,1,1,,1,
团购点评\n饮料太甜了，东西味道不错，鸡肉有汁水,1,,,1,
团购点评\n德克士蛮好次 套餐实惠......,1,,,1,1
团购点评\n一直光顾的美食、价格实惠、家人都喜欢,1,,,,1
唉 只有手枪腿可以吃吃 没办法哟……,1,,,1,
手枪腿大个儿又美味，配上鲜辣粉，吃着更爽！,1,,,1,
团购点评\n口味一般々，国內民族品牌，与国际大牌快餐巨头还有一定的差距。,-1,,,-1,
团购点评\n都很好呦，环境也很好，服务也就那吧,1,1,1,,
团购点评\n服务不错，人气不是太旺。毕竟附近竞争对手好多，好多吃的,1,,1,,
团购点评\n团购双人套餐，没有鸡肉卷，换了一个咖喱鸡块饭，饭没有惊艳到我,-1,,,-1,
团购点评\n乌龙茶冻很好喝！ 很喜欢！  团购很划算,1,,,1,1
团购点评\n非常喜欢它家的手枪腿撒胡椒粉，很赞！,1,,,1,
团购点评\n人少，环境好，味道一般，手枪不错,1,1,,1,
28日是会员日买一送一，小伙伴想吃，我想塔便宜哈哈哈\n\n不过手枪腿和另外一样什么是不参加活动的，好遗憾哪\n\n点了鸡肉卷还有冰沙，鸡肉卷的饼皮好吃，冰沙就soso了，太甜，而且果味不够足,-1,,,-1,1
团购点评\n性价比 很高！ 装修很好 新店 非下班时间人少 不错,1,1,,,1
团购点评\n第一次吃 还可以吧有蜡笔小新的玩具不错,1,,,,
服务超级差！！！！服务员吊的不行！跟他说饮料去冰，不许，跟他说少冰吧，完全听到不理，说了好几遍没有任何反应。,-1,,-1,,
歇歇脚，等小朋友下课，地方还算干净吧。,1,1,,,
团购点评\n手枪鸡腿无敌嗲 每次必点 其他也就一般啦,1,,,1,
团购点评\n不是很满意，薯条是温的，不好次。,-1,,,-1,
鸡排18，很大块，肉质很实在，没有太多的面粉，价格小贵，但是好吃v\n外卖的话送货有点慢………………,-1,,-1,1,-1
团购点评\n当时很急的看电影 但是服务员动作很慢 拖拖拉拉的,-1,,-1,,
团购点评\n德克士的炸鸡其实不是很好吃…哎,-1,,,-1,
还不错吧~去附近开会，过去吃个午饭~不错不错滴~,1,,,,
团购点评\n很不错的薯条，量大美味，最重要便宜划算,1,,,1,1
团购点评\n味道很不错，量也够足，环境服务都不错,1,1,1,1,
简单快餐，炸鸡。味道不错，偶尔罪孽一次。,1,,,1,
团购点评\n典型餐，找不到别的落脚点，歇息会加午餐，反正规格统一，无意外,1,,,,
暖冬套餐 咖啡+「楓糖」格子餅 真是不能期待 咖啡就是快餐店咖啡 格子餅不知道烤好多久放在那兒 還是空心的 就上下兩層 沒有醬料 隨便撒了點糖粉應付了事,-1,,,-1,
团购点评\n味道很不错   物美价廉  希望以后多搞点团购,1,,,1,1
团购点评\n快餐就这样，油炸食品一样味道的,1,,,,
忍不住说德克士昨天晚上看电影前去这家德克士买晚饭，给服务员态度点赞。\n因为有部分商品缺货，所以对方很耐心告知哪些有哪些没有。\n而且因为点得有点多，所以重复了好几遍菜单也不见不耐烦。\n最后还找了旧钞……（个人需要）\n\n嗯。就因为这些以后也要经常光顾：）,1,,1,,
4/6拍完照就到这里吃饭，楼上有沙发位子可以让儿子睡觉，后来还看到一个宝宝椅，哈哈，买了2个套餐，可惜没有带会员卡，手枪大鸡腿和鸡腿堡，价格和其他快餐差不多，薯条很一般的，大鸡腿感觉比以前小了，鸡腿堡太干了些，吃完还没感觉特别饱呢，这里只收现金,-1,1,,-1,
团购点评\n坑人，味道真心差，最后基本扔了,-1,,,-1,
全家集享卡送了德克士炸鸡 这个星期要过期了 于是赶紧找了一家德克士 去的时候店里人不多 没有排队 服务员速度很快 刷卡 输密码 给炸鸡 拿到手里还挺热 赶紧尝尝 味道还不错 就是店不多 市区少 不太近啊,1,,,1,
团购点评\n很满意，环境还不错，奶茶很好喝,1,1,,1,
团购点评\n中午点餐的，取货的堆在一起。太忙乱了。,-1,,-1,,
最爱吃炸鸡了~~~\n这家店去的不多~ 以前去外地的时候去过一次~\n上海就没想到过会去~\n公司发的全家超市卡~~\n好像参加了什么活动~ 然后就送了1张脆皮炸鸡的券~~\n趁过期前把他拿掉~~                                                                              \n炸鸡好小一个~~味道还不错~~                                                                  \n当零食吃吃~~,1,,,1,
超级差的服务态度！！！太恶劣了！居然说我们是去讨饭额！原本对手枪腿还抱有希望！想吃了全家兑换的炸鸡好吃的话就买个手枪腿！耐么彻底失望！鸡块外面的面粉厚也算了~味道实在一般~给的椒盐粉撒上会咸死~不撒就和小摊上炸出来差不多~和原味鸡是完全不好比的~态度还这么恶劣~怪不得倒闭了这么多家！再也不会去了！,-1,,-1,-1,
再也不会去了，服务态度和素质绝对差到爆~~我和朋友是参加了全家的活动去换购了炸鸡的，然后想如果味道不错就再买个大家特推的手枪腿，结果去换的时候服务员竟然说我们是讨饭的，对话内容是这样的，服务员：“讨饭的来了。”另一个服务员说：“那怎么办呢？你只能换给她们啊。”我在想我也是在全家买了120块的东西才换一块涅米宁10几块钱的鸡块，如果你们换不起，那你们就别搞这个活动啊~~又不是非吃不可的~~什么态度？？这种员工不应该炒了她们？？？味道也和原味鸡无法比~~唯一好的大概就是炸鸡蛮大的~~但是再也不会去了~~,-1,,-1,-1,
全家活动送的脆皮炸鸡兑换券，外带了回家吃的，原价貌似10米，个头中等，拿到的是腿的部分。\n晚上吃的时间距离买大概已经过了3个小时了，微波一下，皮没有软掉，但也不是特别脆了，肯定刚出炉的时候口感更好。\n但是里面还是有汁水的，鸡肉口感蛮嫩的，味道比较清淡，皮有点辣味，加上胡椒粉味道还不错。\n自己不会特意去买，很久没吃炸鸡了，偶尔吃一次觉得还蛮好吃的。,1,,,1,
团购点评\n团购不错价格便宜量又足.....,1,,,,1
团购点评\n挺好的，就是店太少了。上个月还有9.9两对鸡翅的活动，现在木有了……希望多搞活动哈,1,,,,1
炸鸡味道不错，每次排队都要排好久呢,-1,,-1,1,
团购点评\n味道还不错，环境蛮好有两层，适合几个人小聚,1,1,,1,
团购点评\n手枪鸡腿招牌，口味不错。过一段时间会想起它的口味。,1,,,1,
团购点评\n双人套餐 性价比高 特别是汉堡 味道很好,1,,,1,1
团购点评\n不错，很好，就是中午高峰太乱了，服务员老是出错,-1,,-1,,
节假日上班，中午叫的外卖，1个半小时才送到，中间催了2次。\n电话叫的订单，接单人把地址记错了！\n送来的东西都冷了，饮料洒了三分之一，点的鸡块没有给酱，点的布蕾没有勺子，没给一张纸巾，虽然最后给免了布蕾的钱，但实是一次不愉快的午餐！！\n要不是点评系统最少要给一顆星，这一顆都不想给！,-1,,-1,,
团购点评\n手枪腿还是那么赞，就是略油了一些,1,,,1,
团购点评\n双人餐量很大，很划算，再加一个火枪手，撑撑的！,1,,,,1
点了手枪大鸡腿和孜然鸡柳还有薯条。手枪大鸡腿第一口好好吃，多吃几口感觉腻了……外面的皮很油。孜然鸡柳很好吃。薯条很一般。\n环境很好，人也不多，比较安静,-1,1,,-1,
环境整洁，服务态度好，脆皮鸡肉卷外脆里嫩非常好吃。,1,1,1,1,
团购点评\n味道还行，服务不大好，有点爱理不理的,-1,,-1,1,
团购点评\n团购价格还是很优惠的，味道比传统的汉堡适合本地人。,1,,,,1
团购点评\n确实还是蛮难吃的，应该是不会再去吃了,-1,,,-1,
"以前一直买的一家店，每个月8,18，28号好像还会搞活动！招牌手枪鸡腿很给力，满足了人性对肉的满足感！",1,,,1,1
团购点评\n很合算，味道还行。。。。。。。。,1,,,1,1
难得来吃 必须是手枪腿 买完单才发现好多优惠活动 薯条可以换沙拉 不错,1,,,1,1
一个手枪腿就可以吃的蹬住 但是说实话味道没有以前的好了 外面一层虽然很脆 但是很油腻 满口油 肉质嫩有汁水 就是少了以前的那种香味 9.9两对辣翅很划算 微辣 不是很辣 蘸上番茄酱别有一番风味 可以去除油腻感 偶尔吃一次还是可以解解馋的 外卖速度很快 送来还是热的 就是薯条软掉了,-1,,1,-1,
团购点评\n非常满意的一次消费，以后还会光顾,1,,,,
看见门口海报鸡翅9.9块4根，果断进去下午茶。\n鸡翅不太辣，很适合我们口味。,1,,,1,1
吃的手枪腿套餐，味道不错，环境也不错,1,1,,1,
台式洋快餐，东西一般吧，薯条是山芋做的,-1,,,-1,
团购点评\n味道还不错吧，随便吃吃，手枪鸡腿是我的最爱，很大一个。,1,,,1,
团购点评\n简单实惠，手枪鸡腿是最爱，每次经过必吃,1,,,1,1
一如既往的好，最喜欢是手枪腿和鸡排大亨，味道赞，下次还会去，就是我们办公室离得有点元不肯外送,1,,,1,
叫的外卖，第一个取消，第二个等了快两个小时,-1,,-1,,
团购点评\n就是为了在上海火车站打包后到火车上去吃的。,1,,,,
团购点评\n比起KFC和麦当劳，更喜欢吃德克士，特别是手枪鸡腿味道超级赞,1,,,1,
团购点评\n德克士，品质还是有保证的，就是上海地店都太偏,1,,,,
"竟然可以送到3公里,到我公司这儿 所以特别开心!\n虽然路程送达时间稍稍有点延迟（毕竟比较远）,还是非常欣喜的拿到热腾腾的鸡腿!\n可能有点饿了,感觉很好吃!9.9两份鸡翅很满足!有优惠很给力!\n外送师傅辛苦啦～以后再继续支持!\n我和同事的晚饭圆满解决了!",1,,1,1,
团购点评\n人比较多 最后换了汉堡，还是比较满意的。实惠,1,,,,1
团购点评\n二人吃够了，不错，不错，不错！,1,,,,
团购点评\n还行 量就是老公一个人的量…不是双人餐吧…,-1,,,,
炸鸡做的不好吃，我宁愿去吃其他的，应该不会再去吃了,-1,,,-1,
团购点评\n环境不错，味道还行，2个人吃有点少，一个人吃有点多,1,1,,1,
团购点评\n除了手枪腿，其余都不咋地。\n还有汉堡里的生菜够多！,-1,,,-1,
团购点评\n每个月的18号和28号 有卡友日大多数的单品都买一送一,1,,,,1
非常不错 昨晚我钱包丢在这了  以为就丢了 但还是回来找了一下 服务员特别好 确认身份后把钱包给我了  失而复得 的感觉真好 这不今天又来吃了 今天买一送一 太实惠了,1,,1,,1
团购点评\n味道没什么好吃了，，适合快餐               发,-1,,,-1,
手枪大鸡腿超级好吃啊~\n虽然是油炸的，但是感觉不油，外皮松脆，内里软滑多汁~\n每次路过都必馋一下啊~,1,,,1,
团购点评\n吃到了刚炸出来的薯条，nice！量不少，服务也好！,1,,1,,
团购点评\n德克士最好吃了魔法鸡块是最爱。在南京西路店吃的。服务员态度也很好。里面环境也不错。这个套餐很超值。心满意足呀,1,1,1,1,1
团购点评\n和老公一起去的，老公做不好吃，的确做的连肯德基和麦当劳的味道都不如，店里也没有什么人,-1,,,-1,
团购点评\n不错哦，很好！还会再去的呢，嘻嘻,1,,,,
团购点评\n东西好不错，就是点餐太慢了，等半天..............,-1,,-1,1,
正好经过肚子饿了，点了夏威夷菠萝鸡腿汉堡套餐。汉堡里面有生菜和菠萝，口味还可以的，很小只，薯条味道不错，就是收银员动作奇慢，而且是顾客没几个的状况下，还打翻了我的饮料，然后就没人帮我换饮料了，我付了钱就站在柜台等着，还好我妹妹提醒说怎么还没换好，他们呢才想起来，慢吞吞的给我重新到了饮料，真是不知道是怎么培训的。\n人不多，环境还是可以的，挺干净。味道还可以的，不难吃。,-1,1,-1,1,
团购点评\n和麦当劳肯德基就是有差距的，还行,-1,,,,
团购点评\n很合算 已经团购了好几次了 不错,1,,,,1
团购点评\n手枪鸡腿不好吃，皮肉分离，汉堡口味也一般，还是麦记更得我心,-1,,,-1,
团购点评\n划算的，还是很喜欢他家的快餐的,1,,,,1
团购点评\n还不错吧，看完电影出来，随便吃吃,1,,,,
团购点评\n德克士就像我家的食堂，三天两头往那儿跑。又是卡友日，当然不会让他错过的。平时手枪炸鸡腿是不参加活动的，然而这次例外。不能错过机会，于是除了团购的双人套餐外，又买了2份手枪炸鸡腿，还买了最好吃的鲜虾米堡。结果晚饭都吃不下，省了，哈哈哈哈……,1,,,1,1
团购点评\n一般，2个人吃肯定不够的啊，一个人吃又太多,-1,,,,
德克士的东西不错的，口味很好，虽然不便宜但也物有所值。但是这家店服务太差了，等冷饮等了五分钟发现还没人做，一楼的桌子也没有个干净的位置。,-1,,-1,1,
团购点评\n江宁路店手机信号不大好，感觉挺中式快餐的，阿姨动作挺快，果珍热的呢，两份主食两杯饮料，不错～,1,,-1,1,
团购点评\n每次来都要这个套餐，味道很棒值得推荐,1,,,1,
团购点评\n两人吃正好，使用也很方便，很不错的团购,1,,,,1
外卖很快，口味不算最爱！平时叫下午茶方便！,1,,1,,
团购点评\n还可以，公司附近的汉堡店，有时间就吃,1,,,,
买了手枪腿，味道不错，其实更爱装可乐的那个杯子,1,,,1,
团购点评\n东西很多，味道还可以，性价比不错,1,,,1,1
团购点评\n够一个吃饱，但是味道不怎么样，还是手枪堡好,-1,,,-1,
在快餐领域中很喜欢这家的口味，特别钟爱“手枪大鸡腿”。和朋友逛吴江路，突然好想吃炸鸡，于是选择了这家。又碰上有团购套餐，两个人要了一份套餐和单点一份鸡腿。配合他家胡椒粉和特质酱料，吃得好满足。今年又有德克士杯，五颜六色总有一款适合你：),1,,,1,1
中午又吃垃圾食品了……罪恶啊罪恶……\n没用点评网的外卖，直接打了他们家的电话，送的很快，半小时不到就来了，不过经常落东西，今天是吸管没带，上次是落了一包鸡翅，这方面还有待改进。\n点了他们家的手枪腿套餐，个人觉得这个是他们家的招牌！超大的一个鸡腿！外面已经炸的非常香脆，一口咬下去真的有咔嚓咔嚓声音，鸡肉很嫩很多汁，一个吃下去女孩子的话绝对顶饱！ 薯条很一般，还没自家空气炸锅炸出来的好吃，套餐的话可乐可以改成冰红茶,-1,,-1,-1,
团购点评\n服务好，办了会员卡还可以买一送一，开心,1,,1,,1
之前广告做的太好，为了拔草，吃手枪大鸡腿，啧啧，买了一个，完全跟广告不好比的，醉了,-1,,,-1,
团购点评\n晚上预约了做SPA所以随便吃点快餐，这家德克士也在江宁路开了蛮多年了，晚餐时段人气不旺，所以显得环境很舒适，取完餐上二楼，整个二楼空荡荡的，只有一桌，生意比K家和M家差好多哦！客人不多，店员感觉挺懒散的，服务不行！东西口味还是不错的，鸡肉卷现做的，还等了一会呢，很好吃，汉堡不行里面的鸡肉太干了，而且是放了一会的，温的；鸡块还行，沾的酱好吃。总体还行吧，随便吃吃！,-1,,-1,-1,
很好，很实惠，离家也不远，店里环境也很好,1,1,,,1
团购点评\n味道还是可以的，团购很划算的。,1,,,1,1
团购点评\n量足味美，可以作为亲子套餐的选择。,1,,,1,
团购点评\n可能手枪最好吃吧，忍不住加了一个,1,,,1,
团购点评\n整体不错 人不多空调足 地方也很好找,1,1,,,
团购点评\n中午午餐，方便解决~~不过我还是喜欢麦当当！说不上好不好，就是非常一般。手枪腿没有点，分量有点吓人！\n\n另外，服务员点单的速度真心有待提高，难怪大排队了。,-1,,-1,,
团购点评\n下班按摩完正好看到这家店就用了团购券，蛮干净的，味道有待改善,-1,,,-1,1
"必须吐槽一下! 下雨,店员让把雨伞放在门口,可是一转身的功夫, 雨伞就被偷走了! 外面下着大雨,这是要闹哪样??!\n既然无法保证安全,烦请增加雨伞套的方式......",-1,,-1,,
团购点评\n很久以前吃过这家的炸鸡。后来因为店铺比较少没吃过。今天正好路过，看到了就想吃了。然后又看到超高性价比的团购券。于是乎点了。东西很多，一个汉堡、一个肉卷、一盒鸡块、一杯热果珍、一杯可乐。鸡肉卷真的不好吃，跟KFC差太远了吧。饮料反正都一样，鸡块估计放了很久了，都软了冷了，酱也没有Mc家的和KFC家的好吃。汉堡等了至少10分钟才来，送来的时候蛮客气的说久等了。不过热乎乎的汉堡倒是味道不错，里面的肉很多汁，酱料味道也蛮好的。不团购的话价格不便宜，而且味道也比较一般啦。团购的话2个人吃还是可以的。,-1,,,-1,-1
团购点评\n产品口感还不错吧！可能有外卖的关系，等候取餐的时间比较的久，其他服务都ok的,-1,,-1,1,
团购点评\n第一次去德克士，原来是走小清新风格的啊！人少，环境好，对于快餐店的食物不能要求太多。所以在那里歇歇脚，聊聊天还是不错的。,1,1,,,
团购点评\n都很新鲜，味道很好，整个店面明亮整洁，服务员很亲切，只是动作实在是太慢，要等很久…,-1,1,-1,1,
团购点评\n额，是团购的，没看清。。。只有一个鸡翅,-1,,,,-1
团购点评\n工作餐～汉堡很好次，就是橙汁一般般,-1,,,-1,
团购点评\n味道还不错，一直觉得填饱肚子什么的最方便了,1,,,1,
团购点评\n这里的东西很好吃，而且很实惠，下次还会再来的,1,,,1,1
团购点评\n买的团购套餐，价格便宜，味道尚可,1,,,1,1
团购点评\n一般，但是服务态度不是很好，以后不会买了,-1,,-1,,
团购点评\n中午人实在太多了，收银很不耐烦，团购价格比较划算，果汁不太好喝,-1,,-1,,1
团购点评\n一个人吃双人套餐，被爽到了，主食挺撑的，喜欢套餐里的卷,1,,,,
团购点评\n饮料味觉很淡，添了不少水。其他的都很好。店内等座位等得厉害！,-1,,-1,-1,
团购点评\n我和小伙伴两个人吃的正正好好，快餐两人吃很划算！,1,,,,1
突然馋德克士，最近城隍庙的店已经关掉。德克士的选择品种蛮多的，味道也可以。可惜在上海的市场策略是只开在郊县，偶尔路过才能吃一会回。,1,,,1,
团购点评\n可能当今社会好吃的吃多了，感觉还可以。,1,,,1,
团购点评\n说实话吃惯肯德基了再吃这家总感觉味道不习惯，快餐店也没什么服务，推荐的手枪鸡腿，也没什么味，总体品价一半,-1,,,-1,
团购点评\n路过上海随便吃得，味道不错，还送了张会员卡，值,1,,,1,1
比KFC好吃，就是店开得太少，不够方便,1,,,1,
为了哆啦A梦的玩具特意来吃德克士我也是蛮拼的 一共有三种玩具 电风扇 闹钟和餐具 闹钟有 电风扇风太小 所以就拿了餐具 其实好像最不需要的就是餐具 但是还是很可爱的 任意消费加25可以换一个 环境方面呢德克士的环境一直比肯德基麦当劳好一些 打扫的阿姨也很勤快 椅子也舒服一些,1,1,1,,
团购点评\n公司附近的午餐点，手枪腿特别好吃！,1,,,1,
团购点评\n买了给老公当午饭吃的，还行！实惠！,1,,,1,1
团购点评\n因为以前吃过他们的手枪腿，所以加了2个...但是为什么付了42块钱，收银条上却是......而且手枪腿也没以前好吃，太油...,-1,,-1,-1,
团购点评\n主要在领事馆旁边所以显得很挤- -基本都是坐着不走的。。。位置因此显得很少，口味么也就和平常的德克士差不多,-1,,,,
团购点评\n对于团购内容店员有点迷糊，还要我翻出团购页面她们才知道团了啥。有点呆。,-1,,-1,,
微信有超值套餐，很核算，最喜欢他们的脆皮炸鸡了！,1,,,1,1
团购点评\n江宁路店真是太差了 团购号交给收银后 根本没有下单 收银员跑至后厨不知道干什么 足足等了十分钟后才给下单 这种服务真不知道该说什么 连一句抱歉都没有 这种店家做不起团购就不要做 真是垃圾,-1,,-1,,
团购点评\n非常划算，两个人吃的很饱。感觉比KFC和Mc放心。,1,,,,1
超级喜欢手枪腿哦！比那基好吃多了！可惜从来不参加活动。貌似状况不太好，分店越来越少了！外地经常看到，状况比上海好！,1,,,1,
味道不错！服务也行！毕竟是加盟店！,1,,1,1,
团购点评\n看了下店里也有29.9的套餐的，今天万圣节前夜，正好又是店庆，有+1元买一送一的活动，比团购划算啊。,1,,,,1
团购点评\n价格便宜，团购更便宜。。。。。,1,,,,1
团购点评\n超级nice！！和南瓜罗志祥合照还送了南瓜派,1,,,,1
团购点评\n物美价廉，一次愉快的团购，不错！,1,,,1,1
超一般的洋快歺，和kFC和mm差不多，说不好吃，也不难吃！环境尚可，不像老字号两家人蛮为患似的！魔法鸡块太一般，和超级鸡车没的比，一样的价格，货少了一半，关键还不正,-1,,,-1,
团购点评\n炸鸡 店面太少啦 还有出货很慢 味道还不错哦,-1,,-1,1,
团购点评\n还行，就图个方便，选择还是蛮多的,1,,,,
团购点评\n比肯德基麦当劳好吃多了！团购后也超实惠！,1,,,,1
团购点评\n还是不是很适合自己的口味，一般般吧。,-1,,,-1,
团购点评\n性价比高，味道也可以，两人吃正好。,1,,,1,1
团购点评\n很赞，中国人的汉堡包非常棒，虽然和麦当劳还有距离,1,,,1,
团购点评\n没有以前做得好吃，咸了。还是喜欢带微甜的口味。环境干净，服务不错。,-1,1,1,-1,
在市中心闹中取静的地段，有这么一家价格相对比较平的快餐店，还有WIFI，个人觉得还是不错的。\n\n可能我去的时间段都不是最热闹，一般早餐或下午茶，所以，感觉比较悠闲。不会很挤。尤其是二楼的位子相对更空一点。\n\n二楼WIFI区还有插座方便客人插电脑充电。算是比较贴心的了。\n\n饮食方面，汉堡感觉比一般M记或肯家的要偏小一点，价格么差不多。味道也相不多。\n\n相对而言，我比较推荐早餐的熏烤嫩鸡堡套餐，性价比不错。\n\n服务员的服务相对比较弱，多数好象是新手，有点慢有点傻的感觉。无微笑不热情，个个挺木讷的。\n\n除了会员卡外，不可以刷任何银联卡或其他任何储值卡，比M或肯都要牛。所以多数情况下，我还是会选M或肯，而不是它家，希望未来会有改进。,-1,,-1,1,1
团购点评\n划算经济 味道就那样了 胜在方便,-1,,,-1,1
团购点评\n德克士还是比较价格实惠的。还不错哦~,1,,,,1
服务差啊，点了一个魔法鸡块，和一个鸡翅，服务员收银台王什么虎态度很差，我说能刷卡吗，不让刷，问有打折卡可以打折？服务员说不能，我就郁闷，这样的服务还要在收银台，简直让我很不开心,-1,,-1,,
团购点评\n有团购很实惠的，服务员的态度也很好,1,,1,,1
团购点评\n环境很好，服务也不错，东西也很好吃,1,1,1,1,
团购点评\n不是我用的，好评吧。。。。。。,1,,,,
团购点评\n一般般吧  中饭随便吃吃  速度蛮快的,1,,1,,
团购点评\n随便填饱，没啥要求  难办吃吃,1,,,,
团购点评\n汉堡比较小，味道尚可。其他无功无过,1,,,1,
团购点评\n一般吧，随便吃吃，那个卷不好吃！,-1,,,-1,
顶新用的油品太差，富士康都抵制了，德克士付连带责任，差评。商业道德没有，服务再好也没用,-1,,,-1,
团购点评\n快餐味道都差不多，选择了有杯子的套餐。杯子还不错。,1,,,,
团购点评\n不错的团购，第二次购买了！好吃,1,,,1,1
团购点评\n比较清淡，喜欢汉堡的味道 鸡肉卷bu喜欢,-1,,,-1,
团购点评\n团购划算，味道还可以，饭很少呢,-1,,,-1,
买的美团的团购，确实很划算\n\n但是味道很一般吧\n\n莫名还是喜欢麦记,-1,,,-1,1
团购点评\n地点较为方便，但是味道真的很一般,-1,,,-1,
团购点评\n味道很好，服务很一般，说了可乐不加冰还是拿来两杯冰的,-1,,-1,1,
团购点评\n能吃饱，就这样…除了手枪腿，德克士真心没啥吃的。,-1,,,-1,
团购点评\n味道还是不错的，可是人气不够旺,-1,,,-1,
团购点评\n上餐速度还行，店里手机信号很差，手枪腿味道没话说，嗲～,-1,,-1,1,
团购点评\n一直比较喜欢吃它家的东西。比较划算。,1,,,,1
团购点评\n还可以，比单买好，汉堡偏硬偏干,-1,,,-1,
团购点评\n人少环境还算干净.搞促销的产品一律全没。,-1,1,,,-1
汉堡蛮好吃的，还点的那个原味鸡味道一般。,-1,,,-1,
团购点评\n团购挺划算的，小孩爱吃一直去的。,1,,,1,1
团购点评\n味道还可以吧，炸鸡不错，可以试试,1,,,1,
团购点评\n鸡块味道老赞的！嫩！好次鸡肉卷也蛮好的，汉堡有点咸！总体不错,1,,,1,
团购点评\n东西普通，胜在离公司近，偶尔吃吃。,1,,,,
团购点评\n划算，太划算了，吃的好饱啊！！,1,,,,1
团购点评\n就一般般啦。。没有特别好，也没特别不好。,1,,,,
团购点评\n随便吃吃很不错，价格也实惠，以后还会光顾的,1,,,,1
团购点评\n去的时候人不多，很空。后来白领都来吃饭了，人坐满了。味道一般。,-1,,,-1,
团购点评\n东西会不会太小呀，敢不敢做大点呀,-1,,,-1,
要死了！你忙的不送打个电话说一声有点诚意好么？直接一个短信太忙不送了！态度那么恶劣！第一次碰到！点评app上叫外卖也不是一次两次了，其他店忙都来电说明下情况或等或退款。那么自说自话！sucks！,-1,,-1,,
不错不错。经常吃的。离公司近也方便。而且经常有优惠哦。,1,,,1,1
团购点评\n味道还不错…环境很干净…态度好就是速度慢了点,-1,1,-1,,
团购点评\n团购的东西没啥特色，要是有手枪腿团购就更好了,1,,,,1
团购点评\n比KFC好吃，团购价也很划算。,1,,,1,1
团购点评\n德克士一如既往的给你，双人套餐外加手枪腿，最爱,1,,,1,
团购点评\n薯条好吃，其他都不行。。。。。,-1,,,-1,
团购点评\n划算，东西比麦记好吃，环境也舒服,1,1,,1,
团购点评\n不错，不比肯德基、麦当劳差，人又少。,1,,,,
【手枪鸡腿套餐】￥29 撒不撒胡椒粉都很好吃，配餐还能选鸡块，关键是烫的，弥补我昨天吃冷炸鸡块受伤的心。就是太油了，偶尔吃吃。,-1,,,-1,
团购点评\n午市团购的双人套餐真的很划算啊，很有性价比，再加一个他们家的手抢腿就完美了！,1,,,,1
最近老在吃鸡。18号还和娟娟一起吃过，今天又跑来吃。\n其实可以走更远点去吴江路吃份日料定食的，结果还是吃了这么不健康，\n又油腻的快餐。\n我大概最近对这个手枪腿有执念。\n只是今天吃没有以前任何一次那种超级好吃的感觉了。\n大中午，天又热，然后10点还吃了一个很大的饭团。\n不过大概是真心想喝可乐吧。蔬菜的色拉换成了薯条，我是有多不爱吃草啊。\n我老想叫它火枪腿哈哈。手枪腿套餐，可乐薯条和鸡腿，其实我一点都不饿。\n然后坐下慢慢吃。皮好油腻，好像没沥干净，盒子里后来跑出来好多油。\n其实味道还是老味道，就是吃的不饿……\n后来对面来了一对老夫妻，问我能不能一起坐，我当然同意了，孤家寡人吃午餐，\n还不饿，吃的就是寂寞了。\n对面的老爷爷说“鸡我就不吃了，你吃吧，我就吃生煎好了”\n婆婆说“生煎我也要吃的，这个炸鸡皮太油我不吃”\n老爷爷说“那皮我来吃好了…”\n这个老爷爷真有爱，感觉老夫妻真的好恩爱…最\n近炸鸡吃太多次大概马上要不爱了…下次估计要过很久才会又有执念想吃炸鸡吧。\n不过这家的手枪腿真心推荐，鸡肉比麦当当K感觉更细腻。\n而且炸鸡和黑胡椒的组合，简直绝配。呵呵,1,,,1,
团购二人套餐，一个人饱餐一顿，以前很少来德克士，这套餐的口味不是很喜欢，但总的来说德克士各方面都是很不错的，就是这家店一点3G信号都没有。,-1,,-1,-1,
团购点评\n味道不行，团的好像鸡肉感觉是过期肉，有点酸，赶紧扔了,-1,,,-1,
团购点评\n口味不错，地段环境也好，女儿喜欢店里的布置,1,1,,1,
团购点评\n以后带杯子 三元可以到满 楼上空调太冷了,-1,-1,,,1
团购点评\n最爱还是手枪腿啊，薯条鸡块都不好吃呢。不过团购还是很给力的，两人的话吃的也妥妥的。,-1,,,-1,1
本以为能刷卡，结果不能刷，然后就定了个团购，吃了照烧鸡腿堡，味道一般，鸡块也一般。。。真的就一般。。。。,-1,,-1,-1,
团购点评\n挺方便的，孩子特别喜欢手枪鸡腿，每次都要加这个才能心满意足的，嘿嘿！,1,,,1,
团购点评\n团购了双人套餐，酱烧鸡腿堡味道很好，量蛮多的，2人够吃了。,1,,,1,
团购点评\n东西确实很多，不是高峰时间去买的鸡块是凉的。。。,-1,,,-1,
团购点评\n超级火枪腿呀，赞～下班带着老婆吃了一顿,1,,,1,
团购点评\n据说德克士在二三线城市生意非常好啊 味道还行吧 不会特意去吃 路过看到有团购就顺便罢了,1,,,1,
团购点评\n随便吃吃，快餐价廉物美有团购。,1,,,1,1
有个疑问啊，买了2块脆皮炸鸡，和我上次吃的完全不一样。第一次要了2块三角的，那个大小堪比手枪腿那么大了。\n这次买2块脆皮炸鸡，居然给了一块鸡腿和一小块很辣的三角的炸鸡(是不是给错了，我不喜欢吃辣的，之前脆皮炸鸡，也该问一下顾客啊，顾客都没决定呢，拿个辣的给你吃)，而且还很小...脆皮炸鸡的鸡腿卖10.5元，脆皮鸡腿卖9.5元，这2者都没有吃出区别啊，德克士是不是定价有问题啊！,-1,,,-1,-1
团购点评\n比肯德基麦当劳难吃多了啦～～～～～,-1,,,-1,
团购点评\n双人套餐很便宜，也还行，性价比不错，尤其加了手枪腿，免费办张会员卡，还可以打八折,1,,,,1
团购点评\n汉堡和卷都还蛮好吃的…热饮也可以换成冰饮…很不错,1,,1,1,
早上路过借厕所，顺便买了个早餐。早餐套餐6元，一个薯饼鸡蛋汉堡+豆浆。东西还是很不错的，就是服务员让人来气哦。个个呆呆傻傻的，看着隐忍怨气的样子，前面买早餐的要了手卷，说是没有，让人家等，我着急走就问薯饼汉堡是否等，说不用，然后就准备好一个汉堡放在那，也不说为什么不给我，我问，才说豆浆没好，让我稍等，说很快的，等的过程看到食品加工区域苍蝇飞啊~工作人员都不急不忙，完全不顾早上着急上班的顾客，服务员说的稍等可不快，她问我要不要换牛奶，我只好接受啦，这时看到那边豆浆才好，一个男服务员在靠近前台的地方一杯杯的倒豆浆。。。,-1,-1,-1,,
团购点评\n很好很快。团的券用起来还是很方便的。,1,,,,1
团购点评\n鸡腿堡味道不错 鸡肉卷一般般 饮料就是果珍泡的,-1,,,-1,
团购点评\n团购的，很核算，味道也还行～～,1,,,1,1
团购点评\n性价比很高，一直觉得比肯德基的鸡好吃,1,,,1,1
团购点评\n可以。人不少，晚饭时去的。东西和KFC差不多。,1,,,1,
很爱他家的大鸡腿，超级爱的。\n可以外卖，很方便，不过那个会员卡是什么东东。,1,,,1,
团购点评\n一般般吧，觉得便宜方便团了一个,1,,,,1
团购点评\n超级划算喔～吃的好饱哦～好开心,1,,,1,1
团购点评\n汉堡和肌肉卷很好吃，鸡块没味道，酱也太难吃了吧,-1,,,-1,
团购点评\n鸡腿好吃好吃，团购好核算，大赞大赞,1,,,1,1
团购点评\n味道还可以吧，南京西路店人不多，很多孩子在打扑克。,1,,,1,
"团购点评\n这个so so , 没想象得好，双人肯定不够吃的",-1,,,-1,
团购点评\n东西不错，量也足，晚饭两人可以了,1,,,1,
团购点评\n味道不错，略咸。。。价格上超值。,-1,,,-1,1
手枪鸡腿好像略炸过头了有一块地方老了。。。好久没吃又涨价啦。。。,-1,,,-1,-1
团购点评\n味道非常好， 店里环境也不错～～,1,1,,1,
团购点评\n照烧鸡腿堡的面包好像是燕麦面包，没有相当，味道还行，稍咸了些。,-1,,,-1,
团购点评\n味道不错，服务还是一如既往的冷淡,-1,,-1,1,
团购点评\n手枪鸡腿超级大，多汁鲜嫩。跟儿子一起分享。,1,,,1,
团购点评\n很好，很合算！性价比是挺高的！,1,,,,1
"今天的午饭, 真心发现- 品质提高了很多很多啊! 下次会再去.\n\n我点了18元超级鸡腿堡套餐, 一个堡 + 饮料 + 薯条或色拉.\n我要求加菜, 经理马上让里面重新做, 又加了色拉酱, 我见到我的薯条上面有点黑黑的, 经理二话不说,马上帮我重新换了一包, 唉, 我真是个让人烦的客人啊~ 太不好意思了, \n鸡腿堡的面包与其它品牌快餐店的不同哦, 好像是麸皮面包那种, 鸡腿肉也是整块, 较大, 现在都怕吃""合成肉""了, 原块鸡腿很重要的哦. 一口咬下去,味道好极了!  薯条很脆, 即使到了公司后再吃也有点脆哦.  谢谢经理小潘的对我的耐心, 也希望他们家可以保持品质.   刚看到有团的,下次吃",1,,1,1,1
团购点评\n都挺好的！能吃饱，还买了两个鸡腿有点撑。,1,,,1,
团购点评\n2个人吃正好，量挺足的，下次有活动还会去,1,,,,1
团购点评\n很好很实惠！以后还会再去！就是预约麻烦,1,,,,1
团购点评\n跟正价一样买的，味道不错，超合算！,1,,,1,1
团购点评\n味道很不错，而且服务员非常的热情！,1,,1,1,
团购点评\n很划算，两个人吃够了，环境也很好。。,1,1,,,1
团购点评\n带小朋友去吃的 两个人正好 性价比高,1,,,,1
团购点评\n汉堡味道不错，鸡块的味道有点淡，沾的酱味道也有些奇怪，没有他的竞争对手的好吃，不过总体还是不错的。,-1,,,-1,
团购点评\n就这样吧～快餐吗～但是团的两个味道不喜欢～这个要看各人了,-1,,,-1,
团购点评\n还好还好，看到新闻有点想拉，实属饥不择食,1,,,,
团购点评\n划算，好吃，就是服务员动作太慢。,-1,,-1,1,1
团购点评\n那个随身杯挺不错 很适合夏天哦,1,,,1,
团购点评\n可以的 儿子喜欢吃炸鸡 路过了就走不动了,1,,,1,
团购点评\n说是双人套餐其实不是好吗！！不过里面给的瓶子还可以,-1,,,-1,
团购点评\n店里环境不错，但服务真心不咋地，去的时候没有客人排队等候，但团购券认证完之后，很长一段时间，服务员都不知道在干什么，也没有人问我要什么汉堡、什么饮料…… 另外，这次的炸鸡颜色很淡，也没有什么味道…… 跟以前吃过的不一样，不知道是不是忘了放什么调味料……,-1,1,-1,-1,
团购点评\n整个套餐还是很划算的，可惜没有手枪腿，希望能再多点团购选择,1,,,-1,1
团购点评\n可惜团购套餐里不含手枪腿~勉强够两个人吃吧,1,,,,
团购点评\n现在想想，后悔吃了，这家之前就是那家臭名昭著的供应商,-1,,,,
团购点评\n一般吧 偶尔打发一顿还是可以的 点单速度很慢,-1,,-1,,
团购点评\n价钱实惠，味道么只能说一般般对得起这个价格，毕竟价格摆在那。,-1,,,-1,1
团购点评\n感觉还是KFC的口感好，但这团性价比高,-1,,,-1,1
新开的，就来试试，薯条还不错~~鸡翅啥的味道都可以，随便吃吃不错~~~还办了会员卡，单品可以打折，后来试了手枪腿，感觉好难吃。。。,-1,,,-1,1
团购点评\n离家进、服务员态度也特别好、、、每个星期还有特价活动、味道也不错的，赞个、经常去,1,,1,1,1
啊呀，手枪腿真是绝了，是最好吃的，其他都一般般肉都硬硬的，还是手枪腿给力,1,,,1,
团购点评\n坑，没看清楚就买了，还以为是两个汉堡,-1,,,,
团购点评\n环境很好，洗手间很隐蔽。手枪腿一级棒！,1,1,,1,
团购点评\n一般吧，它家只有一个米饭汉堡我喜欢，其他都不喜欢-_-||,-1,,,-1,
团购点评\n下雨天买的人不多，但是叫外卖的人很多，所以等了很久\n我觉得鸡肉卷还比汉堡好吃，然后鸡翅鸡块一般般。听说鸡米花一样的很好吃，还有最出名的手枪腿，其他真心一般拉，主要这个双人套餐便宜阿,-1,,,-1,1
味道一般，快餐店么，终归如此！,-1,,,-1,
典型的炸鸡，但不如肯德基入味，总之有点油，罪恶啊！,-1,,,-1,
团购点评\n夏威夷汉堡很好吃，我喜欢里边的菠萝,1,,,1,
团购点评\n配餐速度很快～不过汉堡赶紧口味不怎么适合我的口味,-1,,1,-1,
团购点评\n服务很不错，就是感觉还是有点没吃饱，感觉生意比附近的肯德基还要好。,-1,,1,-1,
团购点评\n很好很强大！已经不止一次的光顾了！性价比高！蛮好蛮好！,1,,,,1
团购点评\n28元套餐对我这样的男士有点少。,-1,,,-1,
团购点评\n以前没吃过 感觉比洋快餐好吃 赞一个,1,,,1,
团购点评\n里面的手枪腿很好吃  汉堡不是很喜欢,-1,,,-1,
团购点评\n味道不错，两个人够吃。 随便吃吃,1,,,1,
还是BBC202外卖就比较好！卤味小吃，味道可口！,1,,,1,
团购点评\n直接到店连wifi团购，水壶不错,1,,,,
团购点评\n好吃划算。。。。。\n以后还会去吃,1,,,1,1
团购点评\n我喜欢的炸鸡味道，哈哈，汉堡我也只吃里面的肉，还有一大得意杯饮料，相当划算！,1,,,1,1
团购点评\n没肯德基好吃。还去了家新店，感觉会比肯德基麦当劳更加好，事实上也就一般般,-1,,,-1,
团购点评\n一如既往的好     干净方便人少,1,1,,,
没有给1星是处于 起码还是个店 这样的考虑。德克士的味道不知道是不是我和我朋友味觉失灵 只有一个感受 可怕。纵然肯德基甜筒比麦当劳差一点但是比这个不知道是什么的东西好太多了 盐水棒冰都比这个好吃太多 还有什么鱼派？薯条的番茄酱真的是无语,-1,,,-1,
团购点评\n团购的，感觉还是比较超值的，就是套餐里有个别的不是自己喜欢吃的，还是中意他们家的手枪腿,-1,,,-1,1
团购点评\n江宁路店环境很清净，汉堡里面的鸡肉很好吃。,1,1,,1,
团购点评\n双人套餐的东西也不多，不过已经很便宜了！人也不多！,-1,,,-1,1
团购点评\n比Kfc棒很多，就是门店太少了。,1,,,,
德克士服务于书展，本来是件很好的事，但坐地起价似乎就不太好了。原本10元的鸡块和15元的超级鸡腿堡，到了书展里面就要卖15元和20元，有点过分了呢。希望以后能够同城同价。,-1,,,,-1
一直很喜欢在这里吃饭价格便宜很实惠。就是吃了菜越来越觉得没有新鲜感了。,-1,,,-1,1
团购点评\n很不错的，团购性价比很高，如果手枪腿也有团购就好了,1,,,,1
味道一般.感觉没有肯德基好吃.,-1,,,-1,
最爱的手枪腿，真的特别特别好吃,1,,,1,
鸡翅真的不错 个人觉得比肯德基好吃 比较想，就是服务员的态度和麦当劳肯德基没的比,-1,,-1,1,
团购点评\n味道完胜麦当劳，肯德基。鸡肉很嫩，团购价格很合理，性价比高。,1,,,1,1
开在江宁路北京西路口，路上就有店员在发宣传单，\n进去看到柜台上还有套餐，感觉活动好多，分不清哪个合算了。。。\n店面还算很宽敞干净的，人不是很多，\n现在装饮料有一种德意杯，买套餐有送，颜色好多种。\n鸡感觉比KFC的口味清淡点，还行吧，更有鸡味~~价格也不算便宜。,-1,1,,1,-1
態度很差，距離兩個街口的外賣超過1個半小時，定的東西沒有了，也沒主動打電話說明，等我催單時才告知，接電話的小姐態度不是很好，我話沒講完就掛電話，送到的餐點，價格跟點評上下單的不一樣，還要我再次電話確認，最後令人覺得不可思議的是，點的餐被加料了，居然在裡面發現噁心的毛髮，不是故意人為就是衛生管理出了問題，大家考慮一下吧，這家店今天已經毀了德克士這個品牌。。極差評價。。。,-1,,-1,,
被某女吃货拖过来的，说吃面前面先来块鸡\n\n没有现成的鸡，等了6分钟，其实这样更和我意，炸鸡新鲜出锅，会更有汁水也更香。拿到手，不顾烫手就啃了起来，这里火候掌握的很好，鸡皮和KFC完全不一样的路子，这里的外观绝对是金黄酥脆，皮非常的薄，调味不重恰到好处。但相对的，鸡肉腌制的味道是足够的。不像KFC的皮味重儿肉寡淡。一口下去酥皮，嫩鸡和汁水交织在一起，满足感是绝对的，尽管很烫手，但在一边吹一边啃之下，很快的，一块鸡就吃完了。\n\n抬头一看，女吃货已经擦完手在等我了。。。。比我吃的快\n\n怎么可能！？！？,1,,,1,
团购比较便宜，偶尔吃吃还不错、量比较足，小孩子喜欢，搞不懂炸的有什么不同，和肯麦差不多,1,,,,1
分量很小的，团购两人餐，一个吃都ok，就是会一点点撑，但是不是很好吃,-1,,,-1,
团购点评\n价廉物美，味道远胜于KFC和麦当劳叔叔，世界杯饮料瓶也蛮赞，下次认准了还会去,1,,,1,1
团购点评\n比KFC和麦当劳好吃多啦?西番?最爱手枪腿?他们家东西很好吃?就是店少?,1,,,1,
比较划算，东西比较多，每人点了一个双人餐。,1,,,,1
团购点评\n鸡肉的质量比肯德基麦当劳好多了，人也少，希望活动多搞点,1,,,1,
早上工作人员少，动作慢，态度差，工作人员像在幽魂一样！,-1,,-1,,
团购点评\n一如既往的号，不因团购偷工减料，货真价实，好。。。,1,,,1,
团购点评\n蛮好吃的，另外又点了个手枪鸡腿和小薯，两个人吃了很饱，最爱手枪鸡腿，色拉也不错,1,,,1,
团购点评\n还悬很划算的  价格很合适多些迭择就好了,1,,,,1
团购点评\n一如既往的口味，wifi的速度实在是不行。二楼的空间虽然逼仄，却也是比较清静的所在,-1,-1,-1,,
团购点评\n德克士的店太少了，很不方便。味道还不错，比肯德基的强多了，团购也很实惠,1,,,1,1
团购点评\n很好吃，而且很实惠，和老公两人团的双人餐，够吃，继续团购吃另一款,1,,,1,1
团购点评\n快餐真的很方便，再也不用去排队啦！首先说汉堡的面包还凑合吧！反正比kfc好！！！～～～～～～,1,,,1,
团购点评\n看菜单觉得鸡是卖点，不过炸鸡不太好吃，又干又柴。汉堡一般，别的没怎么吃过，神奇的是套餐很贵orz，怪不得去了2次都没啥人。,-1,,,-1,-1
今天中午正好看到有团购 就去了 味道还可以 价钱还算比较合算 三块钱换可乐的活动挺好的,1,,,1,1
团购点评\n服务太差了 东西也不好 绝对不推荐这个团购 坑爹啊！ 也没有便宜多少 跟麦记肯家没法比,-1,,-1,-1,-1
路过，嘴巴好馋，买了手枪腿，好大一个，还是很好吃，汁水很多呢～～～,1,,,1,
团购点评\n难得清净的地方，东西味道却还行,1,1,,1,
团购点评\n第一次吃，鸡块不好吃，汉堡还可以，随便吃吃,-1,,,-1,
团购点评\n虽说是2人餐，但明显量少了些，还另外买了一个手枪鸡腿，人均马上上去了，店员的反应比麦记要慢得多，可能未经大客流考验,-1,,-1,-1,
团购点评\n美味依旧，2人份真好，服务也好，环境好离公司近经常去吃团购更实惠,1,,1,1,1
不错，来过好几次，外卖也叫过两次，以后还会来，最喜欢手枪鸡腿，老婆说厕所也挺干净，今天冷气开的很足，还好我是个胖子，哈哈,1,1,,1,
团购点评\n环境还不错，中午人蛮多的，味道和KFC大同小异，胜在团购实惠。,1,1,,,1
手枪腿很好吃！但是不想吃鸡肉的时候还有蟹肉选择！\n偶尔吃吃还不错啦！,1,,,1,
"服务态度生硬,不主动,没有主动和客人打招呼.不懂是如何管理的,我去的是江宁路店!希望可以改善!要不在那么好的地段可就可惜了!",-1,,-1,,
团购点评\n周末人不多，环境好。套餐味道不错，就是天热还是热饮不能换，能人性化些就更好了。,-1,1,-1,1,
团购点评\n#手枪大鸡腿# 和#薯条# 我比较喜欢，口味比较重的人可能不喜欢。地理位置一般，据说有无线上网，可是没看到密码。我用自己的手机3G上网信号不好。周四晚上去的，人不多，比较安静。旁边一桌在那打牌，还有几个小孩在玩过家家游戏。总的说来比肯德基，麦当劳幽静。,-1,,-1,1,
"#手枪大鸡腿# #脆皮炸鸡# 这两个果然是招牌,分量足,口味也好,店子人不多,很干净,沙发很舒服.哈哈.",1,1,,1,
团购的2人套餐，外加了一份沙拉和手枪腿，酱烧鸡腿堡味道不错，鸡腿肉很厚实，面包还是全麦的，很健康，墨西哥鸡肉卷有点淡，手枪腿是刚出锅的，超赞，好大只，皮脆肉嫩还冒汁水，大爱。,1,,,1,
团购点评\n一般吧，人太多了，中午的时候。完全是吃完就走人的节奏。东西也马马歹。。,1,,,,
有国王就去了，一般般，味道什么就都这样…有点失望…不是很欢喜…,-1,,,,
点了这里的脆皮炸鸡加上美味的薯条，这里的炸鸡口感嫩滑，鸡肉也是相当的松软，口感不油腻。这里的薯条金黄，酥软，口感很棒。不过因中午去的原因，所以人流很多，显得大厅内比较嘈杂。,-1,-1,,1,
高峰时段那个速度慢到另人发指 \n你不知道你家生意不错 \n动作麻利点吗\n早餐时间墨迹 午餐时间墨迹 \n不谈了！,-1,,-1,,
这样的快餐我们随处可见，不仅给我们提供了便利，同时我们也在这里得到了一种享受,1,,,,
公司中午简单聚餐买的德克士，米汉堡还不错，至少比较健康吧，手枪腿好大，一个就很饱了。,1,,,1,
推荐手枪大鸡腿！！！趁热吃很美味，其他的就一般了。薯条没有汉堡王好吃，汉堡什么就不如肯德基麦当劳了，个人口味。。。,-1,,,-1,
每月18号必来，卡友日+1元多一件，服务好环境好味道也不错，喜欢鸡翅和雪布蕾,1,1,1,1,1
第一次去就是冲着手枪鸡腿去的，吃下来印象还不错的~办了会员卡给周边上班的朋友了,1,,,1,
中午和小伙伴来吃了一下，价格不便宜，味道一般吧！点了个鸡腿，很大，但是除了撒上料的部分很咸外，其他又是无味的！薯条倒是很好吃！,-1,,,-1,-1
炸鸡类里算是比较好吃的，手枪腿很多汁，脆皮炸鸡也不错虽然不大。套餐里还有沙拉，这点比肯和麦都好。油炸不能多吃，只能偶尔解馋。早餐也不错，偶尔换换口味。,1,,,1,
最好吃还是他们的脆皮手枪腿。不过这家店的手枪腿太畅销，服务生动作又慢，好几次大家等的都不耐烦了，差点打起来。\n早上的早餐也不错哦，一般早上很清静，没什么人。旁边就是烈火和网鱼网咖，去之前都会过来买点。,-1,,-1,1,
中午不想吃食堂，来试下这家德克士炸鸡，结果巨失望，还不如吃食堂呢（单位食堂你懂的，已经够烂了）。这家德克士的味道实在是难吃到爆。我点了奶昔，鸡排和薯条，最后只吃完了薯条，奶昔喝了两口，鸡排啃了三口。鸡排炸出来是乳白色，不是金黄色，味道特别淡，连盐都舍不得放，草莓奶昔只有酸味，甜味偏淡，而且毫无奶味。另外，就上面那三种食物，一般的快餐店两分钟就准备好了，在他们店愣是等了快10分钟（中途催了两次）。价格上比麦当劳肯德基略贵点，接近汉堡王卡乐星的水平了，但是味道上差了不止一点点。总之特别失望。,-1,,-1,-1,
定外卖的同学请注意哦，我一共点过2次，一点11点30下单，1点13分到的，一次是现在，我11点50分下单的，现在是北京时间13点51分，还没送到的，这大众外卖说的60分钟到达，到底有用嘛，打电话过去说送了吗，经理含糊其辞说已经在路上了，我说要加单，她马上说没问题，这说明什么，都是用胡话在欺骗消费者咯。外卖就可以不管时间咯，中午忙可以理解，但是两个小时还没送到外卖，这什么道理，嫌远可以不接单啊，接了单还拖，素质何在,-1,,-1,,
团购是比较划算，两个女孩子平均下来15，还不错。兑现时候旁边男孩子问是哪里买的团购券,1,,,,1
团购点评\n团购去的，那个卷的味道有点淡，但是鸡块啦，汉堡啦味道都不错。可以说他们家的鸡料理真心不错啊。品种很多的，基本上快餐类的都涵盖了。\n值得一提的是地段很好，离开南京西路中心段很近，而且店面超级干净，窗明几净的感觉。顿时加分。\nwifi区貌似只有一点点，稍微离开点就不能上网了。占不到那么好的位置的，希望以后能扩大wifi的分布。,-1,1,-1,1,
手枪腿很过瘾，价格比坑爹鸡啥的实惠～叫外卖送来速度也还可以。堂吃的话感觉服务员都是学生打工的之类，业务不是很熟。,-1,,-1,1,
团购点评\n好久没吃德克士了，去团购的时候发现人家吃的手枪鸡腿好诱人啊 后来自己又专门卖了鸡腿吃，但是个人觉得没有他们的鸡排好吃,1,,,1,
本想大众团的。。。但手机界面一直过不了。。。就美团了。。。价一样。。。团了二套。。。\n---------------------------------------------\n就一个柜点餐。。。超慢。。。\n出货超乱。。。顾客自己要检查清楚。。。不然。。。\n不过态度很好。。。店內也有wifi。。。\n味还可以。。。,-1,,-1,1,
【洛】探店の德克士(江宁路店)~双人套餐~點評團購的~\n\n在點評團購了一份德克士的双人套餐~\n正好沒有吃過德克士嘛，就順便入手一份了，無需預約的~\n某天去南京西路，就去探店了~\n德克士在上海的門店不算很多的~市中心也只有江寧路南京西路區域才有~\n\n雙人套餐內含有：酱烧鸡腿堡+南洋鸡肉卷+德克士鸡块，飲料有2杯，分別是：果珍+百事可乐\n兩個人吃吃綽綽有余，原價號稱要54大洋，團購29.9元~還是蠻實惠的~人均才15大洋~\n快餐差不多都這個價位的~\n\n德克士的餐廳風格自然就是快餐簡約式的，與KFC，M記的點餐區域大同小異的，先驗證團購券，隨即等待~\n環顧周遭，發現牆上電視還在播放羅志祥德克士的廣告，十分的百變呀~\n估計小豬的粉絲也會時常來光顧德克士的~\n\n等了一會兒，總算拿到雙人套餐了~\n酱烧鸡腿堡，其實蠻喜歡吃醬燒味道的，比油炸更健康些，漢堡的個頭適中，女生吃吃絕對夠了~\n南洋鸡肉卷，覺得個頭不是很大，與KFC的墨西哥卷很相似，味道一般~\n德克士鸡块，差不多都是上校雞塊的味道，但他們家的糖醋醬倒蠻不錯的，酸酸的甜甜的蠻不錯的~\n飲料嘛，不過多贅言了~大家都知道果珍+百事可乐的味道~\n\n總體來說，德克士嘛就是快餐啦純粹當工作餐什麼的，味道還行的，如果辦會員卡好像優惠力度也很大的，德克士這家門店算是地理位置最有人氣的地兒~店員很多，人一多忙起來有些手忙腳亂的感覺，態度還是可以的~店內也有wifi，只是不太給力~,-1,,-1,1,1
肯定不能跟以前奉贤华理旁边黑街的李静烧烤的大鸡腿比啦，这个有点干，很脆，以前是鲜嫩多汁就是有点油,-1,,,-1,
手枪腿一个超大呀，下午吃了晚饭也要吃不下了，米道满好，就是德克士的门店上海太少了,1,,,1,
中午吃饭的人好多。。。手枪腿味道很淡。。。不撒粉完全不能次的。。。,-1,,,-1,
最近炸鸡啤酒很流行 懒得跑那些排队排疯的炸鸡店 德克士的也不错的 量大 味道也还可以 中午吃个套餐挺合算的,1,,,1,1
就在培训的地方正对面。OUT是我OUT，我竟然在培训前从来没吃过德克士炸鸡，貌似德克士在上海分店不算很多，我平时都不大见到。\n培训前同事就跟我形容了好几次手枪鸡腿有多大只，有多好吃，比KFC好吃。我其实心里根本就不相信。不好意思，我对其代言的罗志祥实在毫无好感，所以心里总觉得德克士肯定很弱。\n然后就去吃了，我直接就点了手枪鸡腿套餐，有饮料有色拉有大鸡腿。看到大鸡腿的样子，倒真的SHOCK了一下，真的很大只。看上去就炸的脆脆的。\n到了楼上，马上拿起咬了一大口，嗯～～～～味道。。真的不错！\n好吧，我觉得比肯德基好吃一丢丢，或者说，很难比较。至少我没有觉得比肯德基难吃。\n鸡腿的皮很香脆，下面丰富的油脂，还有汁水，而且这样一只下去，超级饱。还有色拉，相得益彰。\n后来培训连着去吃了2天。。\n现在想起来还念念不忘，可惜最近的德克士在七宝。。。我真心希望他的分店能多开一些。\n而且貌似没有外卖可以叫。。,1,,,1,
比起其他快餐店这家环境要好一些，东西的口味也过得去，但是有类似管理人员的人在大堂公开***。。。。,-1,1,-1,1,
德克士的东西都很好吃。这个团购饮料不给力。其他都好。会再去。,-1,,,1,-1
平时不怎么会去吃 但办了张会员卡 每个月的18号有活动 相当于对折 所以总会贪便宜 去尝尝\n每次都会买个鸡腿什么 觉得手枪腿味道不是特别好 个头挺大 但味道不算出色 要撒个粉才有点味道\n有个炸鸡还行 9元一个的那个~这个味道稍微浓些 还能吃吃~~~\n其他的特色不足 感觉味道还是没有M家什么的好吃！哈哈哈 有特价去吃吃还行啦~,-1,,,-1,1
比KFC和MC好多了，洗手间和餐厅都很干净，味道和价格也比两大巨头好得多,1,1,,1,1
虽说手枪大鸡腿是招牌。难道就我一人觉得魔法鸡块好吃~特别是刚炸出来的，比啃啃麦麦的要好味~,,,,,
薯条每次去一定要点！~感觉越做越好，但是就是蛮少看到这家店滴~,,,,,
美团上团购的，29.9两人餐，有一个汉堡一份饭两杯碳酸饮料和一对鸡翅，性价比总得来说还可以，喜欢德克士的手枪腿，吃起来爽。,1,,,1,1
美味的手枪腿啊，赞啊，多汁啊，真的很棒！在外地吃过很多次，不知道是心理作用还是什么，觉得外地的比上海更好吃哦,1,,,1,
手枪鸡腿的代名词，好吃是好吃，拉拉大一个，就是上火了一点点。,1,,,1,
第一次看到他家时就喝了一杯咖啡，后来，有次心血来潮就去吃晚餐，问大家推荐的炸鸡还有木有，被告知卖没了，就买了服务员推荐的买一送一的鸡翅，觉得比肯德基的鸡翅好吃，微辣，而且入味，给个赞！,1,,,1,
现在有外卖了，鸡翅外卖2对只要9块9，确实蛮便宜的，可是这个鸡翅也太小了吧，明显小了一圈。,-1,,,-1,1
台湾企业还是可以的。味道还算不错。环境也不错。还有WIFI。,1,1,,1,
手枪鸡腿比肯德基原味鸡好吃一百倍！甩韩国炸鸡几条街！我们不远千里就过来吃一个腿！,1,,,1,
手枪腿真心大！女生的话，一只就差不多饱了！薯条不好吃，软啪啪的,-1,,,-1,
团购去的，超值，方便。只是炸鸡块希望能纳入团购范围。总体不错,1,,,,1
很好吃，超级划算，而且环境非常好，服务态度很棒的呢。不过就是WIFI一直登不上。。。,1,1,1,1,1
湾湾的快餐品牌，店不多，炸鸡和手枪腿受到各路吃货强推，特意找了一家最近的前来拔草。手枪腿果然是人气No.1，基本上食客每单必点，但由于每次出炉数量有限，加上管理有点小混乱，收银员配餐顺序的随意性大，看到店里有火气大的食客因为先来后到的顺序问题而大发脾气。因为之前已吃过正餐，大大一只鸡腿在手，罪恶感油然而生…鸡腿的裹粉有些厚，不过因为鸡腿本身的分量也是十足十，所以不觉得“面粉感”特别明显。稍微啃了几口，肉汁果然就滴下来了，广告画面感强，不过也弄得手忙脚乱的，美食和吃相有时无法兼顾啊…鸡腿其实不太入味，鸡肉的调味略有些淡，会同时搭配给黑椒调味粉包。,-1,,-1,-1,
这是我吃过最好吃的鸡腿，一口气吃了两个，来十个我也能吃 。5,1,,,1,
团购了29.9元的双人套餐\n店里环境不错，没有老肯老麦家那么嘈杂。\n服务态度也挺热情。\n酱烧鸡腿堡 1份 15元 ，味道普通\n南洋鸡肉卷 1份 13元 ，饼皮有点粘牙，鸡肉也没炸脆\n德克士鸡块 1份 11元 ，鸡块很淡。必须蘸酱。\n果珍 1份 7元 \n百事可乐 1份 8元 \n另外加了一块9.5元的脆皮炸鸡。这个味道还算不错。\n总结来说性价比不错，味道实在是一般,-1,1,1,-1,1
"没想到,德克士走的是小清新线路. 沙拉,甜品,咖啡,都对得起价格. 当然主打炸鸡. 就是服务还不够范尔. 可以推出啤酒了,哈哈.",-1,,-1,1,
鸡腿好大一只 还算很入味的 去好乐迪唱歌经常会顺路买个加色拉的套餐 色拉酱是好吃的芝麻酱 赞,1,,,1,
路过那里飘来一阵香味  眼睛立马扫到了德克士~\n\n饥肠辘辘于是进店买了个大鸡腿~好贵啊18米还是多少钱一个\n\n不过味道OK还解馋~,-1,,,1,-1
最近天冷胃口超级好呀，在人广吃了一顿之后，跑来这边想吃炸鸡了。囧~\n本来想点脆皮炸鸡的，服务员说就两块很小的鸡，个么就来份大鸡腿吧！29块  直接配的色拉，我要求换薯条了，太万恶了\n鸡腿是大的，肉汁也很多。一个下去很满足\n不过29一个鸡腿 一份小薯 一杯可乐 略贵啊,-1,,,1,-1
下班的路上肚子饿了，就买了个他家的手枪鸡腿吃。\n外皮很脆，但里面的鸡腿肉很嫩。咬下去都有汤汁的感觉，很好吃\n而且真的好大一个，帮朋友分着吃还都吃饱了,1,,,1,
在我心目中德克士炸鸡的位置依旧无法代替啊，什么开封菜，M记，全都弱爆了。每次路过德克士都不能忍啊，自从徐家汇那家关门了我就只好转战南京西路这家。德克士不红真是炸鸡界的一大损失！个人觉得脆皮炸鸡比手枪腿好吃~,1,,,1,
办了会员卡很合算 正好有买一送一的活动 奶茶很好喝 鸡腿鸡翅比较一般,-1,,,-1,1
美团团购的，29.9\n咖喱饭的咖喱略微干了一点。\n汉堡的鸡肉很香很大，好想尝试下手枪腿呀。,-1,,,-1,
点的是超级鸡腿汉堡，薯条好焦，没有脆脆的感觉软趴趴的。汉堡的面包是全麦的的还不错的。中午人也少不用排队,-1,,,-1,
只是路过的时候，眼睛飘到坐在靠窗位置的一个人拿了好大的一个鸡腿。。。仰斜着头，把它送进嘴里。于是，瞬间唾液分泌。义无反顾的冲进店里来了个手枪大鸡腿。神马垃圾食品神马激素不能吃的想法全都抛之脑后。。。\n\n鸡腿的皮很脆，肉多汁，还贴心的有黑胡椒粉的调料包附赠，完胜好多同行。。惹得闺蜜尝了一口后欲罢不能，表示下次来还要买。。。\n\n2014-1-12 with mina,1,,,1,
朋友推荐的，特地来尝尝手枪腿，汁多分量足，确实算是洋快餐中不多的良心了。,1,,,1,
一生不羁没事吃吃手枪腿，二三线城市之宝，上海不多，其实炸鸡不错，圣诞也蛮好的，很多坐着也不点东西的人，店里也不赶，挺好的。,1,,,1,
明明是6点开的门半个多小时过去了 早餐都没有准备好 等了很久也没有弄好 每次都是这样 不知道早上时间金贵啊！,-1,,-1,,
油～油～切克闹手枪鸡腿来一套！\n第一次吃手枪鸡腿的心情你们能理解吗！瞬间化身双枪老阿姨。\n套餐29，一个鸡腿+薯条或色拉+饮料。小姑娘肯定够了，鸡腿外皮哈催呀，最难得里面鸡肉嫩外加有汁水。\n看来以后时不时就会来吃吃咯！,1,,,1,
味道不错 就是外卖实在太差了 大家千万不要叫他们家的外卖啊\n2点钟下单 结果一直没来 后来再打电话就打不通了 饿了一下午又不敢吃东西\n气死人了\n\n结果今天中午特地跑过去投诉 他们的领导补了昨天的订单还没有收钱 这个服务不错 希望下次不要再犯了,-1,,-1,,
没有期待的那么好，一般般吧！鸡腿超大倒是真的，可是炸的太老。。。,-1,,,-1,
11点半的单，13点半才送到，拿出来一看，除了饮料是对的，汉堡发错了，手枪鸡腿少一个，脆皮炸鸡发错了，尼玛都是错的，没本事做外卖就不要做啊啊啊  ！！！,-1,,-1,,
#手枪大鸡腿#每次去德克士的唯一理由就是它了，一个就能吃饱，真心大，撒上搭配好的孜然粉感觉味道更香，减肥神马的都靠后站吧~,1,,,1,
小伙伴告知有免费的炸鸡领而去的\n其实对炸鸡木有多大兴趣啦  领了的券也送给了在附近上班的小伙伴\n当场领了一块吃  味道蛮不错的  炸鸡本身不错之外  配的粉也蛮嗲额,1,,,1,
一直很想吃德克士的，可惜门店太少了，昨天正好碰到一家，就来买手枪腿啦，它家招牌产品呢，看到门口宣传中午套餐15元起，价格还是可以的哦，晚上就贵点了，手枪腿原价19元，价格太贵了吧，办了会员卡 3元，所有单品可以打8折，但是这个会员卡一年后又要付2元才能继续用了，哎，不太厚道吧，手枪腿是挺大，但是外层裹的很厚的是面粉啊，里面的鸡肉感觉很少的，而且太油腻了，消化比较差的人不能吃哈哈~~,-1,,,-1,-1
手枪鸡腿已经满足不了我了，两个才管饱，实在喜欢吃……吐槽下海贼王玩偶好么，太难看了,1,,,1,
"手枪腿什么最喜欢了!!\n每次加班第一个想到的就是想吃狗腿子....我们称呼手枪腿都叫狗腿子- -....\n而且挺实惠的30块, 有饮料有肉还有沙拉.\n之前同事也喜欢吃米汉堡, 不过我觉着一咬就散了没多大兴趣, 还是肉最吸引我了~\n办了张卡可以打8折,挺划算的, 每月18日卡友日还买一送一, 之后我们就把18号定为手枪腿日了...",1,,,1,1
办了张会员卡打8折，喜欢他们家的手枪腿，那个霸气啊！味道也很不错,1,,,1,1
在做活动！东西很便宜的，很多东西都是15元就可以搞定了！手枪鸡腿很大一般壮汉子才能吃完，薯条很脆，就是沙司沾着不习惯！那两个大牌子抢占了我的饮食习惯吧！所以还是吃薯条的时候爱番茄酱！呵呵！环境比其他地方要好很多！适合一个人没事的时候来坐坐！,1,1,,1,1
又到了每月18日+1元送一样\n只是这家分店手枪腿不参加这个活动\n哎\n以后到其他店去了\n就是为了手枪腿去的嘛\n不过又换了好几个品种吃\n这么看来可以都吃一遍了,1,,,1,1
难得去次一次 竟然碰到会员日 人多的铺出来\n手枪大鸡腿的确名不虚传 价格虽然不便宜 借了人家的会员卡打了八折也还可以吧\n肉嫩多汁 果然很好吃 吃了还想吃 把KFC都抛在脑后了\n鸡翅也很好吃 \n咖喱鸡块饭量也很足,1,,,1,1
那个手枪腿很好吃的丫~不过吃完一个后就不想吃其他东西了呢~会员特价日超级划算的,1,,,1,1
"一直都对德克士的印象比较好，最开始吃是在南通，街上经常有发优惠券的，进去之后感觉环境也不错，反正和KC,MC差不多，但是价格却便宜好多，之前最喜欢的是鸡排饭，鸡排真的是实打实的，太实在的，吃得很满足。后来到了南京想找德克士却只在夫子庙那边发现一家，后来再一查发现在家也其实早就关门了，不知道南京现在又没有啊，感觉德克士最近又活跃起来了，不过当时南京居然一家都没有真的有点让人匪夷所思啊。现在上海有好多家，以后估计会经常去吃的，呵呵。",1,,,1,1
德克士在上海出来好些年了，最早是在东宝兴路那家店看到的，印象中就是炸鸡感觉不健康就一直没去吃。\n这次来江宁路貌似是旗舰店吧，装修也比别家要好\n手枪鸡腿真的很大，但也很油  咬下去里面有汁水 够嫩\n薯条不好吃，总感觉和 麦叔叔 肯爷爷 汉堡王 卡乐星 的薯条不是一个档次的 薯条里面很干 渣渣的感觉\n蔬菜色拉 平时喜欢用千岛酱，德克士只有芝麻酱，蔬菜挺新鲜的 \n总体还行吧,-1,,,-1,
吃的手枪大鸡腿 一般般吧 感觉19的价格 性价比不高，这样的鸡腿12差不多,-1,,,-1,-1
正好路过，顺便吃的晚餐。店里环境很舒适明亮，服务员态度也不错。招牌的大鸡腿还行，够大，只是有点油。还点了鸡肉卷，饼皮太厚，味道一般。薯条真心不好吃，没有肯德基麦当劳好吃，更不能和汉堡王比了。总体还行吧，偶尔吃吃还可以。,-1,1,,-1,
#手枪大鸡腿# 算是明星产品，味道不错。虽然不健康，但偶尔还是会想念。\n#米汉堡# 感觉不是我的菜。放虾肉很一般，看来以后还是得选鸡肉才行吧。\n总体来说还行。,-1,,,-1,
每个月18号貌似是德克士日 买一送一 那天去吃德克士非常非常合算的\n手枪腿真的不错 里面有很多汁水 外皮很脆 还附有一包黑胡椒粉 真的好美味呀 而且真的很大很大\n手枪腿套餐吧，可以选择薯条，也可以选择那个色拉的。色拉的味道不错，正好和解除一下鸡腿的油腻！,1,,,1,1
过来吃的早餐，厚烧蛋火腿三明治套餐，蔬菜量足，咬下去脆脆的，是我要的那种!豆浆温热，不会烫到，也极好!碰到的是爱微笑的男服务生，耐心回答我上网和其它问题！第一次光顾，印象蛮好！,1,,1,1,
今天中午来吃中饭...点了手枪腿...那个黑胡椒粉还不错...腿吃到后面有点油...还有新出的那种鱼...味道一般吧...也不记得给我酱...,-1,,-1,-1,
很大的鸡腿，炸得很酥很透，里面的鸡肉却不干，19元的单独售价,1,,,1,
一直听到德克士这个牌子 广告也一直有放\n但一直没有机会去吃 前几天恰巧做头发路过正好午饭没吃就去吃了\n价钱比肯德基麦当劳高一个档次 但是味道一般性\n点了一个全家桶 有两个汉堡 两对鸡翅 三个脆皮炸鸡 几个鸡块 三杯饮料\n76元 这个价格倒是和肯德基的外带全家桶差不了多少\n但是蛮奇怪的 鸡翅也要等鸡块也要等 这个不是应该是分分秒秒的事嘛 卖鸡肉食品的地方而且是快餐也要等的话 那说明服务不到位了\n要不是罗志祥代言我想我应该不会注意到这家店\n而且查了下他家也没什么优惠活动 其实应该和网站合作一下搞点优惠券啊或者买什么送什么这种活动\n希望多多改进啊，好的地方是够安静 适合学生吃完饭复习功课神马的或者看看书,-1,,-1,,-1
超划算的噢，炸鸡很美味，汉堡也好吃。配料也足。肉汁多，感觉比KFC的更美味,1,,,1,1
德克士的手枪鸡腿和米汉堡，菠萝鸡腿堡都很好吃，感觉他家的鸡腿肉嫩汁多比KFC好很多。服务环境也不错。虽然很久就有德克士了，但一直没啥人气，今年他们开始发力了。,1,1,,1,
人少，很干净，在中兴太富边上，价位搞不清楚和麦当到KFC的比较，反正很干净的，味道也不错。就是店里的音乐比较难听，呵呵，这不太重要。,-1,1,-1,1,
这家店离我以前单位很近，时常上午报到一下后，就溜到这里，吃个早餐，顺便上上网啥的。\n\n对这家的熏鸡堡加豆浆的早餐比较情有独钟。感觉与麦肯相比，算是性价比较高的早餐了。\n\nWIFI信号不是很强，上网不是很流畅，而且电源插座不是很多，好在早上人不多，还算可以吧。\n\n服务一般，不笑不主动，而且不知为什么好象我经常碰到什么都不懂的新人。\n\n让我比较光火的是前些日子，去吃早饭，背后有人不经我同意就狂拍照片。\n\n服务就傻看着，完全不管，甚至可能是德家请人来拍照片吧。反正完全不打招呼，非常没有礼貌就是了。\n\n我完全不介意被拍，要是打个招呼的话，甚至可以帮忙摆个POSE，但当时是偷跑出来的，而且很反感那些男的理所当然。\n\n他们不介意我说他们，甚至连眼皮都不抬一下，更别说删照片啥的。几个男的强势拍照，服务生坐视不管。\n\n不仅如此，等我跑上二楼吃早餐时，他们更大摇大摆的跑到我面前，往下偷拍照片，而且横过去竖过去，拍了很久，就算是拍顾客吃相，一张二张也就可以了，不至于如此夸张吧。\n\n气不过，我赌气，迎面正对着，也拍了他们的照片，当然，他们在听到看到我拍，也不介意。足足逗留了十分钟以上（后来我走了）\n\n这是一个什么样的餐馆啊？这么不管顾客的感受？在顾客提醒后仍这么夸张？服务生的态度让我明白，这是店家行为，但我真的非常非常反感。,-1,,-1,1,1
手枪鸡真心好吃。好大，吃得好爽。虽然很油~~只能偶尔吃吃。但是味道真心不错~,1,,,1,
好久没吃炸鸡了，想不到这家的手枪腿如此美味，导致我连续两天买来吃……里面的汉堡比较朴素，但味道很好，一个汉堡加一个手枪腿，基本能吃饱了；孜然鸡柳和魔法鸡块的味道也还行，但肉稍许有点偏松。,1,,,1,
上完课来这里吃午饭的，第一次来吃，感觉店面很干净，分两层，wc在一层，和同学都要了手枪腿套餐，腿+色拉+可乐，感觉还是单买合算~味道确实不错，而且分量特别大，吃到后面有点腻~,1,,,1,
相比肯德基，德克士的性价比还是很高的。刚开张那会儿，中午都很多人排队，不过现在因为禽流感，明显人少了不少。,1,,,,1
手枪腿很好吃哦~~~~~~~其他的每月18号有会员卡买一送一~很划算哦~~~~汉堡的味道也很好~橙汁也很浓呢~不是那种冲出来的~,1,,,1,1
咖啡6.5元，有会员卡还可以单品打8折，有时坐坐还不错，就是不能人太多的 时候。\n今天发现每月18日有会员卡所有单品都可以加1元多得1样哦！好哦！,1,,,,1
手枪鸡腿比脸大，吃一个就饱了，汉堡没什么特色，一对鸡翅怎么全是翅根？香蕉菠萝雪慕斯太甜，摩卡雪慕斯还挺好喝的，奶茶好淡，鸡柳、虾棒还行，但吃多了感觉好油腻。,-1,,,-1,
这家比肯得基好吃多啦！肯得基愈来愈退步了，我們还办了会員卡，打算换掉肯得基和麥當勞！！！！！,1,,,1,
突然想吃薯条，路过就进去了\n结果发现每月18号有买一送一~\n排在旁边的好心阿姨主动借了我们会员卡\n好惊喜,1,,,,1
态度非常好！比起吴江路上的卡乐星服务好多了！支持一下！小猪代言的值得信赖,1,,1,,
办了八折卡之后还蛮便宜的\n炸鸡块最喜欢吃鸡胸的\n魔法鸡块，鸡排和手枪鸡腿都蛮好吃的\n格子松饼不推荐....好难吃啊跪,-1,,,-1,1
"据说中国有1000多家,上海也有10多家,但似乎从来深得""农村包围城市""之精髓,这次终于杀入市中心了。\n\n单点了手枪鸡腿和米汉堡,炸鸡和汉堡的味道而已,但毕竟也是跟麦当劳肯德基豪大大不一样的味道,也算多一个选择,所以大年初一生意还不错,有附近加班的,也有一家老小的。",1,,,1,
团购点评\n就是冲着小猪代言的才来的  总体来说还可以吧   环境倒还不错  说是可以上无线网络的可压根就没上去过呀  也就一般般啦,-1,1,-1,,
没想到这边也开了家。上海不太见的到，其他几个分店基本离家都挺远的\n\n喜欢他们家的炸鸡，比麦记KFC的好吃很多。之前去外地玩的时候吃过，美味啊。路过的时候买了个，嗯，不错。顺便还办了张会员卡,1,,,1,
味道不错~~香而不腻~吃完不会像吃了豪大大一样嗰出一股油味，卫生还是比较好的~就是晚上点餐要等很久，这点很郁闷，建议多备点。,-1,,-1,1,
不知道这家店会开到几点。\n传说中的手枪腿还是没吃到。\n也不知道吃了个什么玩意，真难吃\n放这么久了就应该倒掉,-1,,,-1,
20年没吃过了啊！还是读大学时候吃的呢。没记忆里好吃了。主食（汉堡）15+套餐（可乐+薯条）11=26元。不划算。麦当劳这样一套才15起。店是新装修的，味很大。最关键的是，没给番茄酱！,-1,-1,-1,-1,-1
手枪腿，太好吃了，刚出炉的，真爽，太好吃了，肯肯，麦麦不行了，超级好吃，超级好吃，超级好吃，超级好吃，超级好吃,1,,,1,
团购点评\n还可以吧，周末去人不多，报了券号马上拿餐。环境不错，有wifi。,1,1,,,
团购点评\n德克士在上海不多，味道不如k和m，有团购价格便宜,-1,,,-1,1
团购点评\n味道一般，价格也不便宜，不会再去,-1,,,-1,-1
团购点评\n就在家楼下 还不错 就是碰到了实习生 不怎么搞得清,-1,,-1,,
团购点评\n这双人套餐一个人吃差不多了，炸鸡好,1,,,1,
团购点评\n地方挺大的，地理位置蛮好的，手枪鸡腿果然强悍,1,1,,1,
团购点评\n团购的双人套餐，因为是带去电影院当晚饭的，味道感觉还是不错的，有团购性价比也比较高吧。,1,,,1,1
环境不错，味道一般般吧，就是一般西式快餐的味，团购还是很合算的。,1,1,,,1
每个月18号人真心多啊。最好吃还是手枪腿，记得要撒胡椒粉，味道实在太美妙。其他东西就很一般啦。感觉平时入座的人不多，不需要排队的。,-1,,,-1,
团购点评\n味道不错 跟以前一样的味道 价格也不贵 适合赶时间的 点了30元的套餐还送了辈子,1,,,1,1
比kfc好很多，汉堡的面包是有点脆的，看着也比较健康，鸡块酱料什么的也都还不错\n团购的双人餐性价比很高,1,,,1,1
团购点评\n乱，难吃，不便宜，慢，所以越开越少，不奇怪哈，，，，，，，，,-1,,-1,-1,-1
用点评喊的外卖，备注了要番茄酱，结果没有！！！\n其他但是都满意，手枪鸡腿20元，嗲！,-1,,-1,1,
号称的WIFI经常出现问题 除了手枪腿其他菜品没有任何特色 味道也很一般,-1,,-1,-1,
本人不爱油炸食物，家里某同学热爱，上海有名的炸鸡吃遍了，从传统炸鸡到近来各种风靡的韩式炸鸡，都比手枪腿不及，在内环内的德克士里面，江宁路店各方面完胜，每隔一段时间都要来一腿,1,,,1,
团购点评\n就在公司附近，闲来没事团购买来当午饭，可是味道一般般！感觉没有肯德基的好吃。,-1,,,-1,
手枪腿还是一如既往的好吃啊，孜然鸡柳也很喜欢，撒上黑胡椒粉，赞~~~,1,,,1,
团购点评\n离公司很近的快餐厅。晚上要看电影来不及了打包带走。,1,,,,
团购点评\n环境还可以·的，但是量实在少的可怜啊,1,1,,-1,
"团购点评\n东西还行,就是团购不提供外送,要自己去拿。其他都可以。",-1,,-1,1,
团购点评\n在江宁路店兑换的团购套餐，市中心的店人也真心不多，套餐里的鸡腿有点炸过头了，没有汁水干了点，还有原来吃炸鸡是有料包的，我是吃完了才发现怎么有一小包黑胡椒粉呢！要了菠萝烤鸡腿堡，这个还不错，面包好像是全麦的，菠萝很嫩，跟烤鸡一起还蛮好吃的，限量版的杯子要了个黄色的加了美年达，老公很喜欢这个杯子，看着结实、喝水方便，还能挂包上。,-1,,,-1,
算是性价比比较好的了 在恒隆广场附近真心找不到什么吃的舒服的快餐啊,1,,,,1
今天午饭没吃饱，和同事们一起出去买了脆皮手枪腿，放了黑胡椒调味包后，皮脆肉美，蛮好吃的，一股香味扑鼻而来。,1,,,1,
爸妈很喜欢他们的圣代！服务态度很不错~大鸡腿一个绝对管饱，量很足。。,1,,1,1,
难吃的要死！服务态度差的要死！员工素质差的要死！没有好的地方,-1,,-1,-1,
手枪腿好油啊。。。第一口就油到我了。。。鸡翅真的是淡而无味。。。薯条真的不好吃。。最近活动加8块买的那个杯子。。。你说你不洗就直接在里面装饮料了？？？？\n就是有会员卡可以8折这个还可以。。其他一般般吧。。怪不得做不过KFC和MDL,-1,,,-1,1